"subject_uri","subjectBirthDate","typeRelationship","object_uri","objectBirthDate"
"http://dbpedia.org/resource/Domenico_Maria_Novara_da_Ferrara",1454-08-01,"academicAdvisor","http://dbpedia.org/resource/Regiomontanus",1436-06-06
"http://dbpedia.org/resource/Domenico_Maria_Novara_da_Ferrara",1454-08-01,"academicAdvisor","http://dbpedia.org/resource/Luca_Pacioli",1447
"http://dbpedia.org/resource/Nicolaus_Copernicus",1473-02-19,"influenced","http://dbpedia.org/resource/Johannes_Kepler",1571-12-27
"http://dbpedia.org/resource/Nicolaus_Copernicus",1473-02-19,"academicAdvisor","http://dbpedia.org/resource/Domenico_Maria_Novara_da_Ferrara",1454-08-01
"http://dbpedia.org/resource/Nicolaus_Copernicus",1473-02-19,"academicAdvisor","http://dbpedia.org/resource/Domenico_Maria_Novara_da_Ferrara",0001-07-29
"http://dbpedia.org/resource/Nicolaus_Olahus",1493-01-10,"successor","http://dbpedia.org/resource/Antun_Vrančić",1504-05-29
"http://dbpedia.org/resource/Nicolaus_Olahus",1493-01-10,"predecessor","http://dbpedia.org/resource/George_Martinuzzi",1482
"http://dbpedia.org/resource/Gerolamo_Cardano",1501-09-24,"influenced","http://dbpedia.org/resource/Carl_Friedrich_Gauss",1777-04-30
"http://dbpedia.org/resource/Gerolamo_Cardano",1501-09-24,"influenced","http://dbpedia.org/resource/Blaise_Pascal",1623-06-19
"http://dbpedia.org/resource/Gerolamo_Cardano",1501-09-24,"influenced","http://dbpedia.org/resource/Joseph-Louis_Lagrange",1736-01-25
"http://dbpedia.org/resource/Gerolamo_Cardano",1501-09-24,"influenced","http://dbpedia.org/resource/Isaac_Newton",1642-12-25
"http://dbpedia.org/resource/Gerolamo_Cardano",1501-09-24,"influenced","http://dbpedia.org/resource/Maria_Gaetana_Agnesi",1718-05-16
"http://dbpedia.org/resource/Gerolamo_Cardano",1501-09-24,"influenced","http://dbpedia.org/resource/Pierre_de_Fermat",1607-12-06
"http://dbpedia.org/resource/Gerolamo_Cardano",1501-09-24,"influenced","http://dbpedia.org/resource/François_Viète",1540
"http://dbpedia.org/resource/Gerolamo_Cardano",1501-09-24,"influenced","http://dbpedia.org/resource/Isaac_Newton",0001-12-25
"http://dbpedia.org/resource/Gerolamo_Cardano",1501-09-24,"influenced","http://dbpedia.org/resource/Pierre_de_Fermat",0001-10-31
"http://dbpedia.org/resource/John_III_of_Portugal",1502-06-07,"successor","http://dbpedia.org/resource/Sebastian_of_Portugal",1554-01-20
"http://dbpedia.org/resource/John_III_of_Portugal",1502-06-07,"predecessor","http://dbpedia.org/resource/Manuel_I_of_Portugal",1469-05-31
"http://dbpedia.org/resource/Georg_Joachim_Rheticus",1514-02-16,"academicAdvisor","http://dbpedia.org/resource/Nicolaus_Copernicus",1473-02-19
"http://dbpedia.org/resource/Lodovico_Ferrari",1522-02-02,"academicAdvisor","http://dbpedia.org/resource/Gerolamo_Cardano",1501-09-24
"http://dbpedia.org/resource/John_Dee",1527-07-13,"academicAdvisor","http://dbpedia.org/resource/Gerardus_Mercator",1512-03-05
"http://dbpedia.org/resource/Christopher_Clavius",1538-03-25,"influencedBy","http://dbpedia.org/resource/Pedro_Nunes",1502
"http://dbpedia.org/resource/François_Viète",1540,"influenced","http://dbpedia.org/resource/René_Descartes",1596-03-31
"http://dbpedia.org/resource/François_Viète",1540,"influenced","http://dbpedia.org/resource/Pierre_de_Fermat",1607-12-06
"http://dbpedia.org/resource/François_Viète",1540,"influenced","http://dbpedia.org/resource/Pierre_de_Fermat",0001-10-31
"http://dbpedia.org/resource/François_Viète",1540,"influencedBy","http://dbpedia.org/resource/Gerolamo_Cardano",1501-09-24
"http://dbpedia.org/resource/John_Napier",1550-02-01,"influenced","http://dbpedia.org/resource/Henry_Briggs_(mathematician)",1561-02-01
"http://dbpedia.org/resource/Petrus_Ryff",1552-05-08,"academicAdvisor","http://dbpedia.org/resource/Theodor_Zwinger",1533-08-02
"http://dbpedia.org/resource/Petrus_Ryff",1552-05-08,"academicAdvisor","http://dbpedia.org/resource/Thomas_Erastus",1524-09-07
"http://dbpedia.org/resource/Henry_Briggs_(mathematician)",1561-02-01,"influenced","http://dbpedia.org/resource/John_Napier",1550-02-01
"http://dbpedia.org/resource/Henry_Briggs_(mathematician)",1561-02-01,"influenced","http://dbpedia.org/resource/John_Pell_(mathematician)",1611-03-01
"http://dbpedia.org/resource/Henry_Briggs_(mathematician)",1561-02-01,"influenced","http://dbpedia.org/resource/Isaac_Newton",1642-12-25
"http://dbpedia.org/resource/Henry_Briggs_(mathematician)",1561-02-01,"influenced","http://dbpedia.org/resource/James_Gregory_(mathematician)","November 1638"
"http://dbpedia.org/resource/Henry_Briggs_(mathematician)",1561-02-01,"influenced","http://dbpedia.org/resource/Isaac_Newton",0001-12-25
"http://dbpedia.org/resource/Henry_Briggs_(mathematician)",1561-02-01,"influencedBy","http://dbpedia.org/resource/John_Napier",1550-02-01
"http://dbpedia.org/resource/Christen_Sørensen_Longomontanus",1562-10-04,"influencedBy","http://dbpedia.org/resource/Tycho_Brahe",1546-12-14
"http://dbpedia.org/resource/Galileo_Galilei",1564-02-15,"influencedBy","http://dbpedia.org/resource/Nicolaus_Copernicus",1473-02-19
"http://dbpedia.org/resource/Galileo_Galilei",1564-02-15,"influencedBy","http://dbpedia.org/resource/John_Philoponus","c. 490"
"http://dbpedia.org/resource/Laurentius_Paulinus_Gothus",1565-11-10,"successor","http://dbpedia.org/resource/Johannes_Canuti_Lenaeus",1573-11-29
"http://dbpedia.org/resource/Laurentius_Paulinus_Gothus",1565-11-10,"predecessor","http://dbpedia.org/resource/Petrus_Kenicius",1555
"http://dbpedia.org/resource/Johannes_Kepler",1571-12-27,"influenced","http://dbpedia.org/resource/Thomas_Browne",1605-10-19
"http://dbpedia.org/resource/Johannes_Kepler",1571-12-27,"influencedBy","http://dbpedia.org/resource/Tycho_Brahe",1546-12-14
"http://dbpedia.org/resource/Johannes_Kepler",1571-12-27,"influencedBy","http://dbpedia.org/resource/Nicolaus_Copernicus",1473-02-19
"http://dbpedia.org/resource/Benedetto_Castelli",1578,"academicAdvisor","http://dbpedia.org/resource/Galileo_Galilei",1564-02-15
"http://dbpedia.org/resource/Willebrord_Snellius",1580-06-13,"academicAdvisor","http://dbpedia.org/resource/Rudolph_Snellius",1546-10-05
"http://dbpedia.org/resource/Willebrord_Snellius",1580-06-13,"academicAdvisor","http://dbpedia.org/resource/Ludolph_van_Ceulen",1540-01-28
"http://dbpedia.org/resource/Benjamin_Bramer",1588-02-15,"influencedBy","http://dbpedia.org/resource/Jost_Bürgi",1552-02-28
"http://dbpedia.org/resource/Pierre_Gassendi",1592-01-22,"influenced","http://dbpedia.org/resource/Voltaire",1694-11-21
"http://dbpedia.org/resource/Pierre_Gassendi",1592-01-22,"influenced","http://dbpedia.org/resource/Edward_Gibbon",1737-05-08
"http://dbpedia.org/resource/Pierre_Gassendi",1592-01-22,"influenced","http://dbpedia.org/resource/Friedrich_Nietzsche",1844-10-15
"http://dbpedia.org/resource/Pierre_Gassendi",1592-01-22,"influenced","http://dbpedia.org/resource/Thomas_Hobbes",1588-04-05
"http://dbpedia.org/resource/Pierre_Gassendi",1592-01-22,"influenced","http://dbpedia.org/resource/Sigmund_Freud",1856-05-06
"http://dbpedia.org/resource/Pierre_Gassendi",1592-01-22,"influenced","http://dbpedia.org/resource/Edmund_Burke",1729-01-12
"http://dbpedia.org/resource/Pierre_Gassendi",1592-01-22,"influenced","http://dbpedia.org/resource/Jean-Jacques_Rousseau",1712-06-28
"http://dbpedia.org/resource/Pierre_Gassendi",1592-01-22,"influenced","http://dbpedia.org/resource/Charles_Darwin",1809-02-12
"http://dbpedia.org/resource/Pierre_Gassendi",1592-01-22,"influenced","http://dbpedia.org/resource/John_Locke",1632-08-29
"http://dbpedia.org/resource/Pierre_Gassendi",1592-01-22,"influenced","http://dbpedia.org/resource/Karl_Marx",1818-05-05
"http://dbpedia.org/resource/Pierre_Gassendi",1592-01-22,"influenced","http://dbpedia.org/resource/David_Hume",0001-05-07
"http://dbpedia.org/resource/Pierre_Gassendi",1592-01-22,"influenced","http://dbpedia.org/resource/David_Hume",""
"http://dbpedia.org/resource/Pierre_Gassendi",1592-01-22,"influencedBy","http://dbpedia.org/resource/Rodrigo_de_Arriaga",1592-01-17
"http://dbpedia.org/resource/Pierre_Gassendi",1592-01-22,"influencedBy","http://dbpedia.org/resource/Erasmus",1466-10-28
"http://dbpedia.org/resource/Pierre_Gassendi",1592-01-22,"influencedBy","http://dbpedia.org/resource/Epicurus","February 341 BC"
"http://dbpedia.org/resource/Pierre_Gassendi",1592-01-22,"influencedBy","http://dbpedia.org/resource/Erasmus",0001-10-28
"http://dbpedia.org/resource/Pierre_Gassendi",1592-01-22,"influencedBy","http://dbpedia.org/resource/Aristotle",384
"http://dbpedia.org/resource/Pierre_Gassendi",1592-01-22,"influencedBy","http://dbpedia.org/resource/Plato",428
"http://dbpedia.org/resource/René_Descartes",1596-03-31,"influenced","http://dbpedia.org/resource/Baruch_Spinoza",1632-11-24
"http://dbpedia.org/resource/René_Descartes",1596-03-31,"influenced","http://dbpedia.org/resource/Voltaire",1694-11-21
"http://dbpedia.org/resource/René_Descartes",1596-03-31,"influenced","http://dbpedia.org/resource/Christiaan_Huygens",1629-04-14
"http://dbpedia.org/resource/René_Descartes",1596-03-31,"influenced","http://dbpedia.org/resource/Edward_Gibbon",1737-05-08
"http://dbpedia.org/resource/René_Descartes",1596-03-31,"influenced","http://dbpedia.org/resource/Friedrich_Nietzsche",1844-10-15
"http://dbpedia.org/resource/René_Descartes",1596-03-31,"influenced","http://dbpedia.org/resource/Gottfried_Wilhelm_Leibniz",1646-07-01
"http://dbpedia.org/resource/René_Descartes",1596-03-31,"influenced","http://dbpedia.org/resource/Sigmund_Freud",1856-05-06
"http://dbpedia.org/resource/René_Descartes",1596-03-31,"influenced","http://dbpedia.org/resource/Edmund_Husserl",1859-04-08
"http://dbpedia.org/resource/René_Descartes",1596-03-31,"influenced","http://dbpedia.org/resource/Nicolas_Malebranche",1638-08-06
"http://dbpedia.org/resource/René_Descartes",1596-03-31,"influenced","http://dbpedia.org/resource/Noam_Chomsky",1928-12-07
"http://dbpedia.org/resource/René_Descartes",1596-03-31,"influenced","http://dbpedia.org/resource/Isaac_Newton",1642-12-25
"http://dbpedia.org/resource/René_Descartes",1596-03-31,"influenced","http://dbpedia.org/resource/Jacques-Bénigne_Bossuet",1627-09-27
"http://dbpedia.org/resource/René_Descartes",1596-03-31,"influenced","http://dbpedia.org/resource/Jean-Jacques_Rousseau",1712-06-28
"http://dbpedia.org/resource/René_Descartes",1596-03-31,"influenced","http://dbpedia.org/resource/Arthur_Schopenhauer",1788-02-22
"http://dbpedia.org/resource/René_Descartes",1596-03-31,"influenced","http://dbpedia.org/resource/Charles_Darwin",1809-02-12
"http://dbpedia.org/resource/René_Descartes",1596-03-31,"influenced","http://dbpedia.org/resource/John_Locke",1632-08-29
"http://dbpedia.org/resource/René_Descartes",1596-03-31,"influenced","http://dbpedia.org/resource/Karl_Marx",1818-05-05
"http://dbpedia.org/resource/René_Descartes",1596-03-31,"influenced","http://dbpedia.org/resource/Immanuel_Kant",1724-04-22
"http://dbpedia.org/resource/René_Descartes",1596-03-31,"influenced","http://dbpedia.org/resource/David_Hume",0001-05-07
"http://dbpedia.org/resource/René_Descartes",1596-03-31,"influenced","http://dbpedia.org/resource/David_Hume",""
"http://dbpedia.org/resource/René_Descartes",1596-03-31,"influenced","http://dbpedia.org/resource/Isaac_Newton",0001-12-25
"http://dbpedia.org/resource/René_Descartes",1596-03-31,"influencedBy","http://dbpedia.org/resource/Rodrigo_de_Arriaga",1592-01-17
"http://dbpedia.org/resource/René_Descartes",1596-03-31,"influencedBy","http://dbpedia.org/resource/Thomas_Aquinas",1225-01-28
"http://dbpedia.org/resource/René_Descartes",1596-03-31,"influencedBy","http://dbpedia.org/resource/Augustine_of_Hippo",0354-11-13
"http://dbpedia.org/resource/René_Descartes",1596-03-31,"influencedBy","http://dbpedia.org/resource/Averroes",1126-04-14
"http://dbpedia.org/resource/René_Descartes",1596-03-31,"influencedBy","http://dbpedia.org/resource/William_Harvey",1578-04-01
"http://dbpedia.org/resource/René_Descartes",1596-03-31,"influencedBy","http://dbpedia.org/resource/Isaac_Beeckman",1588-12-10
"http://dbpedia.org/resource/René_Descartes",1596-03-31,"influencedBy","http://dbpedia.org/resource/Francisco_Suárez",1548-01-05
"http://dbpedia.org/resource/René_Descartes",1596-03-31,"influencedBy","http://dbpedia.org/resource/Teresa_of_Ávila",1515-03-28
"http://dbpedia.org/resource/René_Descartes",1596-03-31,"influencedBy","http://dbpedia.org/resource/Marin_Mersenne",1588-09-08
"http://dbpedia.org/resource/René_Descartes",1596-03-31,"influencedBy","http://dbpedia.org/resource/Michel_de_Montaigne",1533-02-28
"http://dbpedia.org/resource/René_Descartes",1596-03-31,"influencedBy","http://dbpedia.org/resource/Elisabeth_of_the_Palatinate",1618-12-26
"http://dbpedia.org/resource/René_Descartes",1596-03-31,"influencedBy","http://dbpedia.org/resource/Anselm_of_Canterbury","c. 1033"
"http://dbpedia.org/resource/René_Descartes",1596-03-31,"influencedBy","http://dbpedia.org/resource/François_Viète",1540
"http://dbpedia.org/resource/René_Descartes",1596-03-31,"influencedBy","http://dbpedia.org/resource/Avicenna",980
"http://dbpedia.org/resource/René_Descartes",1596-03-31,"influencedBy","http://dbpedia.org/resource/Duns_Scotus","c. 1265/66"
"http://dbpedia.org/resource/René_Descartes",1596-03-31,"influencedBy","http://dbpedia.org/resource/Francisco_Sanches",1550
"http://dbpedia.org/resource/René_Descartes",1596-03-31,"influencedBy","http://dbpedia.org/resource/Aristotle",384
"http://dbpedia.org/resource/René_Descartes",1596-03-31,"influencedBy","http://dbpedia.org/resource/Plato",428
"http://dbpedia.org/resource/René_Descartes",1596-03-31,"influencedBy","http://dbpedia.org/resource/Sextus_Empiricus","Second century AD"
"http://dbpedia.org/resource/Giovanni_Battista_Riccioli",1598-04-17,"influenced","http://dbpedia.org/resource/Giovanni_Domenico_Cassini",1625-06-08
"http://dbpedia.org/resource/Giovanni_Battista_Riccioli",1598-04-17,"influenced","http://dbpedia.org/resource/Jean_Picard",1620-07-21
"http://dbpedia.org/resource/Giovanni_Battista_Riccioli",1598-04-17,"influenced","http://dbpedia.org/resource/John_Flamsteed",1646-08-19
"http://dbpedia.org/resource/Giovanni_Battista_Riccioli",1598-04-17,"influenced","http://dbpedia.org/resource/Jérôme_Lalande",1732-07-11
"http://dbpedia.org/resource/Florimond_de_Beaune",1601-10-07,"influenced","http://dbpedia.org/resource/Frans_van_Schooten",1615
"http://dbpedia.org/resource/Gilles_de_Roberval",1602-08-10,"influenced","http://dbpedia.org/resource/Blaise_Pascal",1623-06-19
"http://dbpedia.org/resource/Gilles_de_Roberval",1602-08-10,"influencedBy","http://dbpedia.org/resource/Pierre_de_Fermat",1607-12-06
"http://dbpedia.org/resource/Gilles_de_Roberval",1602-08-10,"influencedBy","http://dbpedia.org/resource/Pierre_de_Fermat",0001-10-31
"http://dbpedia.org/resource/Gilles_de_Roberval",1602-08-10,"academicAdvisor","http://dbpedia.org/resource/Marin_Mersenne",1588-09-08
"http://dbpedia.org/resource/Juan_Caramuel_y_Lobkowitz",1606-05-23,"successor","http://dbpedia.org/resource/Ferdinando_de_Rojas",1650-04-15
"http://dbpedia.org/resource/Pierre_de_Fermat",1607-12-06,"influencedBy","http://dbpedia.org/resource/Gerolamo_Cardano",1501-09-24
"http://dbpedia.org/resource/Pierre_de_Fermat",1607-12-06,"influencedBy","http://dbpedia.org/resource/François_Viète",1540
"http://dbpedia.org/resource/Giovanni_Alfonso_Borelli",1608-01-28,"academicAdvisor","http://dbpedia.org/resource/Benedetto_Castelli",1578
"http://dbpedia.org/resource/John_Pell_(mathematician)",1611-03-01,"influencedBy","http://dbpedia.org/resource/Henry_Briggs_(mathematician)",1561-02-01
"http://dbpedia.org/resource/Frans_van_Schooten",1615,"influenced","http://dbpedia.org/resource/Christiaan_Huygens",1629-04-14
"http://dbpedia.org/resource/Frans_van_Schooten",1615,"influencedBy","http://dbpedia.org/resource/Florimond_de_Beaune",1601-10-07
"http://dbpedia.org/resource/Frans_van_Schooten",1615,"influencedBy","http://dbpedia.org/resource/Johan_de_Witt",1625-09-24
"http://dbpedia.org/resource/Thomas_Bartholin",1616-10-20,"academicAdvisor","http://dbpedia.org/resource/Johannes_Walaeus",1604-12-27
"http://dbpedia.org/resource/William_Brouncker,_2nd_Viscount_Brouncker",1620,"successor","http://dbpedia.org/resource/Joseph_Williamson_(English_politician)",1633-07-25
"http://dbpedia.org/resource/Vincenzo_Viviani",1622-04-05,"academicAdvisor","http://dbpedia.org/resource/Galileo_Galilei",1564-02-15
"http://dbpedia.org/resource/Vincenzo_Viviani",1622-04-05,"academicAdvisor","http://dbpedia.org/resource/Evangelista_Torricelli",1608-10-15
"http://dbpedia.org/resource/Blaise_Pascal",1623-06-19,"influenced","http://dbpedia.org/resource/Georges_Sorel",1847-11-02
"http://dbpedia.org/resource/Blaise_Pascal",1623-06-19,"influenced","http://dbpedia.org/resource/Gottfried_Wilhelm_Leibniz",1646-07-01
"http://dbpedia.org/resource/Blaise_Pascal",1623-06-19,"influenced","http://dbpedia.org/resource/Léon_Brunschvicg",1869-11-10
"http://dbpedia.org/resource/Blaise_Pascal",1623-06-19,"influenced","http://dbpedia.org/resource/William_James",1842-01-11
"http://dbpedia.org/resource/Blaise_Pascal",1623-06-19,"influenced","http://dbpedia.org/resource/William_Lane_Craig",1949-08-23
"http://dbpedia.org/resource/Blaise_Pascal",1623-06-19,"influenced","http://dbpedia.org/resource/Alexis_de_Tocqueville",1805-07-29
"http://dbpedia.org/resource/Blaise_Pascal",1623-06-19,"influenced","http://dbpedia.org/resource/Henri_Bergson",1859-10-18
"http://dbpedia.org/resource/Blaise_Pascal",1623-06-19,"influenced","http://dbpedia.org/resource/Pierre_Duhem",1861-06-09
"http://dbpedia.org/resource/Blaise_Pascal",1623-06-19,"influencedBy","http://dbpedia.org/resource/René_Descartes",1596-03-31
"http://dbpedia.org/resource/Blaise_Pascal",1623-06-19,"influencedBy","http://dbpedia.org/resource/Gerolamo_Cardano",1501-09-24
"http://dbpedia.org/resource/Blaise_Pascal",1623-06-19,"influencedBy","http://dbpedia.org/resource/Gilles_de_Roberval",1602-08-10
"http://dbpedia.org/resource/Blaise_Pascal",1623-06-19,"influencedBy","http://dbpedia.org/resource/Cornelius_Jansen",1585-10-28
"http://dbpedia.org/resource/Blaise_Pascal",1623-06-19,"influencedBy","http://dbpedia.org/resource/Evangelista_Torricelli",1608-10-15
"http://dbpedia.org/resource/Blaise_Pascal",1623-06-19,"influencedBy","http://dbpedia.org/resource/Michel_de_Montaigne",1533-02-28
"http://dbpedia.org/resource/Johannes_Hudde",1628-04-23,"academicAdvisor","http://dbpedia.org/resource/Frans_van_Schooten",1615
"http://dbpedia.org/resource/Christiaan_Huygens",1629-04-14,"academicAdvisor","http://dbpedia.org/resource/Frans_van_Schooten",1615
"http://dbpedia.org/resource/Samuel_von_Pufendorf",1632-01-08,"influenced","http://dbpedia.org/resource/Denis_Diderot",1713-10-05
"http://dbpedia.org/resource/Samuel_von_Pufendorf",1632-01-08,"influenced","http://dbpedia.org/resource/William_Blackstone",1723-07-10
"http://dbpedia.org/resource/Samuel_von_Pufendorf",1632-01-08,"influenced","http://dbpedia.org/resource/Jean-Jacques_Rousseau",1712-06-28
"http://dbpedia.org/resource/Samuel_von_Pufendorf",1632-01-08,"influenced","http://dbpedia.org/resource/John_Locke",1632-08-29
"http://dbpedia.org/resource/Samuel_von_Pufendorf",1632-01-08,"influencedBy","http://dbpedia.org/resource/René_Descartes",1596-03-31
"http://dbpedia.org/resource/Samuel_von_Pufendorf",1632-01-08,"influencedBy","http://dbpedia.org/resource/Thomas_Hobbes",1588-04-05
"http://dbpedia.org/resource/Samuel_von_Pufendorf",1632-01-08,"influencedBy","http://dbpedia.org/resource/Erhard_Weigel",1625-12-16
"http://dbpedia.org/resource/Samuel_von_Pufendorf",1632-01-08,"influencedBy","http://dbpedia.org/resource/Hugo_Grotius",1583-04-10
"http://dbpedia.org/resource/Geminiano_Montanari",1633-06-01,"influenced","http://dbpedia.org/resource/Giovanni_Domenico_Cassini",1625-06-08
"http://dbpedia.org/resource/Geminiano_Montanari",1633-06-01,"influencedBy","http://dbpedia.org/resource/Christiaan_Huygens",1629-04-14
"http://dbpedia.org/resource/Geminiano_Montanari",1633-06-01,"influencedBy","http://dbpedia.org/resource/Galileo_Galilei",1564-02-15
"http://dbpedia.org/resource/Francis_Willughby",1635-11-22,"influencedBy","http://dbpedia.org/resource/John_Ray",1627-11-29
"http://dbpedia.org/resource/Pieter_de_Graeff",1638,"predecessor","http://dbpedia.org/resource/Cornelis_de_Graeff",1599-10-15
"http://dbpedia.org/resource/Gottfried_Kirch",1639-12-18,"academicAdvisor","http://dbpedia.org/resource/Erhard_Weigel",1625-12-16
"http://dbpedia.org/resource/Isaac_Newton",1642-12-25,"influenced","http://dbpedia.org/resource/Robert_Smith_(mathematician)",1689-10-16
"http://dbpedia.org/resource/Isaac_Newton",1642-12-25,"influenced","http://dbpedia.org/resource/David_Gregory_(mathematician)",1659-06-03
"http://dbpedia.org/resource/Isaac_Newton",1642-12-25,"influenced","http://dbpedia.org/resource/David_Hartley_(philosopher)",1705-06-21
"http://dbpedia.org/resource/Isaac_Newton",1642-12-25,"influenced","http://dbpedia.org/resource/Denis_Diderot",1713-10-05
"http://dbpedia.org/resource/Isaac_Newton",1642-12-25,"influenced","http://dbpedia.org/resource/Richard_Bentley",1662-01-27
"http://dbpedia.org/resource/Isaac_Newton",1642-12-25,"influenced","http://dbpedia.org/resource/Voltaire",1694-11-21
"http://dbpedia.org/resource/Isaac_Newton",1642-12-25,"influenced","http://dbpedia.org/resource/Edward_Routh",1831-01-20
"http://dbpedia.org/resource/Isaac_Newton",1642-12-25,"influenced","http://dbpedia.org/resource/George_Berkeley",1685-03-12
"http://dbpedia.org/resource/Isaac_Newton",1642-12-25,"influenced","http://dbpedia.org/resource/Thomas_Jefferson",1743-04-13
"http://dbpedia.org/resource/Isaac_Newton",1642-12-25,"influenced","http://dbpedia.org/resource/Émilie_du_Châtelet",1706-12-17
"http://dbpedia.org/resource/Isaac_Newton",1642-12-25,"influenced","http://dbpedia.org/resource/William_Godwin",1756-03-03
"http://dbpedia.org/resource/Isaac_Newton",1642-12-25,"influenced","http://dbpedia.org/resource/William_Rowan_Hamilton",1805-08-04
"http://dbpedia.org/resource/Isaac_Newton",1642-12-25,"influenced","http://dbpedia.org/resource/Alexis_Clairaut",1713-05-13
"http://dbpedia.org/resource/Isaac_Newton",1642-12-25,"influenced","http://dbpedia.org/resource/Henri_de_Saint-Simon",1760-10-17
"http://dbpedia.org/resource/Isaac_Newton",1642-12-25,"influenced","http://dbpedia.org/resource/James_Jurin",1684-12-15
"http://dbpedia.org/resource/Isaac_Newton",1642-12-25,"influenced","http://dbpedia.org/resource/John_Locke",1632-08-29
"http://dbpedia.org/resource/Isaac_Newton",1642-12-25,"influenced","http://dbpedia.org/resource/John_Maynard_Keynes",1883-06-05
"http://dbpedia.org/resource/Isaac_Newton",1642-12-25,"influenced","http://dbpedia.org/resource/Pietro_Verri",1728-12-12
"http://dbpedia.org/resource/Isaac_Newton",1642-12-25,"influenced","http://dbpedia.org/resource/Immanuel_Kant",1724-04-22
"http://dbpedia.org/resource/Isaac_Newton",1642-12-25,"influenced","http://dbpedia.org/resource/David_Hartley_(philosopher)",0001-06-21
"http://dbpedia.org/resource/Isaac_Newton",1642-12-25,"influenced","http://dbpedia.org/resource/David_Hume",0001-05-07
"http://dbpedia.org/resource/Isaac_Newton",1642-12-25,"influenced","http://dbpedia.org/resource/David_Hume",""
"http://dbpedia.org/resource/Isaac_Newton",1642-12-25,"influenced","http://dbpedia.org/resource/Colin_Maclaurin","February 1698"
"http://dbpedia.org/resource/Isaac_Newton",1642-12-25,"influenced","http://dbpedia.org/resource/James_Jurin",0001-12-15
"http://dbpedia.org/resource/Isaac_Newton",1642-12-25,"influencedBy","http://dbpedia.org/resource/Robert_Boyle",1627-01-25
"http://dbpedia.org/resource/Isaac_Newton",1642-12-25,"influencedBy","http://dbpedia.org/resource/Christiaan_Huygens",1629-04-14
"http://dbpedia.org/resource/Isaac_Newton",1642-12-25,"influencedBy","http://dbpedia.org/resource/Thomas_Street_(astronomer)",1621-03-05
"http://dbpedia.org/resource/Isaac_Newton",1642-12-25,"influencedBy","http://dbpedia.org/resource/Maimonides",0001-03-28
"http://dbpedia.org/resource/Isaac_Newton",1642-12-25,"influencedBy","http://dbpedia.org/resource/Maimonides",0001-03-30
"http://dbpedia.org/resource/Isaac_Newton",1642-12-25,"influencedBy","http://dbpedia.org/resource/Aristotle",384
"http://dbpedia.org/resource/Isaac_Newton",1642-12-25,"academicAdvisor","http://dbpedia.org/resource/Isaac_Barrow","October 1630"
"http://dbpedia.org/resource/Otto_Mencke",1644-03-22,"doctoralAdvisor","http://dbpedia.org/resource/Jakob_Thomasius",1622-08-27
"http://dbpedia.org/resource/John_Flamsteed",1646-08-19,"influenced","http://dbpedia.org/resource/Joseph_Crosthwait",1681
"http://dbpedia.org/resource/John_Flamsteed",1646-08-19,"influenced","http://dbpedia.org/resource/Abraham_Sharp","c. 1653"
"http://dbpedia.org/resource/Gottfried_Wilhelm_Leibniz",1646-07-01,"influenced","http://dbpedia.org/resource/Carl_Friedrich_Gauss",1777-04-30
"http://dbpedia.org/resource/Gottfried_Wilhelm_Leibniz",1646-07-01,"influenced","http://dbpedia.org/resource/Bertrand_Russell",1872-05-18
"http://dbpedia.org/resource/Gottfried_Wilhelm_Leibniz",1646-07-01,"influenced","http://dbpedia.org/resource/Joseph-Louis_Lagrange",1736-01-25
"http://dbpedia.org/resource/Gottfried_Wilhelm_Leibniz",1646-07-01,"influenced","http://dbpedia.org/resource/Voltaire",1694-11-21
"http://dbpedia.org/resource/Gottfried_Wilhelm_Leibniz",1646-07-01,"influenced","http://dbpedia.org/resource/Maurice_Blondel",1861-11-02
"http://dbpedia.org/resource/Gottfried_Wilhelm_Leibniz",1646-07-01,"influenced","http://dbpedia.org/resource/Ernst_Platner",1744-06-11
"http://dbpedia.org/resource/Gottfried_Wilhelm_Leibniz",1646-07-01,"influenced","http://dbpedia.org/resource/Christian_Wolff_(philosopher)",1679-01-24
"http://dbpedia.org/resource/Gottfried_Wilhelm_Leibniz",1646-07-01,"influenced","http://dbpedia.org/resource/Edward_Gibbon",1737-05-08
"http://dbpedia.org/resource/Gottfried_Wilhelm_Leibniz",1646-07-01,"influenced","http://dbpedia.org/resource/George_Berkeley",1685-03-12
"http://dbpedia.org/resource/Gottfried_Wilhelm_Leibniz",1646-07-01,"influenced","http://dbpedia.org/resource/Gilles_Deleuze",1925-01-18
"http://dbpedia.org/resource/Gottfried_Wilhelm_Leibniz",1646-07-01,"influenced","http://dbpedia.org/resource/Leonhard_Euler",1707-04-15
"http://dbpedia.org/resource/Gottfried_Wilhelm_Leibniz",1646-07-01,"influenced","http://dbpedia.org/resource/Émilie_du_Châtelet",1706-12-17
"http://dbpedia.org/resource/Gottfried_Wilhelm_Leibniz",1646-07-01,"influenced","http://dbpedia.org/resource/Walter_Rauschenbusch",1861-10-04
"http://dbpedia.org/resource/Gottfried_Wilhelm_Leibniz",1646-07-01,"influenced","http://dbpedia.org/resource/Wilhelm_Wundt",1832-08-16
"http://dbpedia.org/resource/Gottfried_Wilhelm_Leibniz",1646-07-01,"influenced","http://dbpedia.org/resource/Alfred_Tarski",1901-01-14
"http://dbpedia.org/resource/Gottfried_Wilhelm_Leibniz",1646-07-01,"influenced","http://dbpedia.org/resource/Nicholas_Rescher",1928-07-15
"http://dbpedia.org/resource/Gottfried_Wilhelm_Leibniz",1646-07-01,"influenced","http://dbpedia.org/resource/Norbert_Wiener",1894-11-26
"http://dbpedia.org/resource/Gottfried_Wilhelm_Leibniz",1646-07-01,"influenced","http://dbpedia.org/resource/Jean-Jacques_Rousseau",1712-06-28
"http://dbpedia.org/resource/Gottfried_Wilhelm_Leibniz",1646-07-01,"influenced","http://dbpedia.org/resource/Charles_Sanders_Peirce",1839-09-10
"http://dbpedia.org/resource/Gottfried_Wilhelm_Leibniz",1646-07-01,"influenced","http://dbpedia.org/resource/John_Henry_Newman",1801-02-21
"http://dbpedia.org/resource/Gottfried_Wilhelm_Leibniz",1646-07-01,"influenced","http://dbpedia.org/resource/Martin_Heidegger",1889-09-26
"http://dbpedia.org/resource/Gottfried_Wilhelm_Leibniz",1646-07-01,"influenced","http://dbpedia.org/resource/Immanuel_Kant",1724-04-22
"http://dbpedia.org/resource/Gottfried_Wilhelm_Leibniz",1646-07-01,"influenced","http://dbpedia.org/resource/Kurt_Gödel",1906-04-28
"http://dbpedia.org/resource/Gottfried_Wilhelm_Leibniz",1646-07-01,"influenced","http://dbpedia.org/resource/Bernhard_Riemann",1826-09-17
"http://dbpedia.org/resource/Gottfried_Wilhelm_Leibniz",1646-07-01,"influenced","http://dbpedia.org/resource/David_Hume",0001-05-07
"http://dbpedia.org/resource/Gottfried_Wilhelm_Leibniz",1646-07-01,"influenced","http://dbpedia.org/resource/David_Hume",""
"http://dbpedia.org/resource/Gottfried_Wilhelm_Leibniz",1646-07-01,"influenced","http://dbpedia.org/resource/George_Boole",1815-11-02
"http://dbpedia.org/resource/Gottfried_Wilhelm_Leibniz",1646-07-01,"influenced","http://dbpedia.org/resource/Gottlob_Frege",1848-11-08
"http://dbpedia.org/resource/John_Flamsteed",1646-08-19,"influencedBy","http://dbpedia.org/resource/Giovanni_Battista_Riccioli",1598-04-17
"http://dbpedia.org/resource/Gottfried_Wilhelm_Leibniz",1646-07-01,"influencedBy","http://dbpedia.org/resource/Blaise_Pascal",1623-06-19
"http://dbpedia.org/resource/Gottfried_Wilhelm_Leibniz",1646-07-01,"influencedBy","http://dbpedia.org/resource/Anne_Conway_(philosopher)",1631-12-14
"http://dbpedia.org/resource/Gottfried_Wilhelm_Leibniz",1646-07-01,"influencedBy","http://dbpedia.org/resource/Francesco_Sforza_Pallavicino",1607-11-28
"http://dbpedia.org/resource/Gottfried_Wilhelm_Leibniz",1646-07-01,"influencedBy","http://dbpedia.org/resource/Francisco_Suárez",1548-01-05
"http://dbpedia.org/resource/Gottfried_Wilhelm_Leibniz",1646-07-01,"influencedBy","http://dbpedia.org/resource/Nicolas_Malebranche",1638-08-06
"http://dbpedia.org/resource/Gottfried_Wilhelm_Leibniz",1646-07-01,"influencedBy","http://dbpedia.org/resource/Aristotle",384
"http://dbpedia.org/resource/Gottfried_Wilhelm_Leibniz",1646-07-01,"influencedBy","http://dbpedia.org/resource/Plato",428
"http://dbpedia.org/resource/Ehrenfried_Walther_von_Tschirnhaus",1651-04-10,"academicAdvisor","http://dbpedia.org/resource/Franciscus_Sylvius",1614-03-15
"http://dbpedia.org/resource/Pierre_Varignon",1654,"doctoralAdvisor","http://dbpedia.org/resource/Nicolas_Malebranche",1638-08-06
"http://dbpedia.org/resource/Domenico_Guglielmini",1655-09-27,"influencedBy","http://dbpedia.org/resource/Geminiano_Montanari",1633-06-01
"http://dbpedia.org/resource/Domenico_Guglielmini",1655-09-27,"influencedBy","http://dbpedia.org/resource/Gottfried_Wilhelm_Leibniz",1646-07-01
"http://dbpedia.org/resource/Domenico_Guglielmini",1655-09-27,"influencedBy","http://dbpedia.org/resource/Marcello_Malpighi",1628-03-10
"http://dbpedia.org/resource/David_Gregory_(mathematician)",1659-06-03,"influenced","http://dbpedia.org/resource/William_Whiston",1667-12-09
"http://dbpedia.org/resource/David_Gregory_(mathematician)",1659-06-03,"influenced","http://dbpedia.org/resource/Colin_Maclaurin","February 1698"
"http://dbpedia.org/resource/David_Gregory_(mathematician)",1659-06-03,"influencedBy","http://dbpedia.org/resource/Isaac_Newton",1642-12-25
"http://dbpedia.org/resource/David_Gregory_(mathematician)",1659-06-03,"influencedBy","http://dbpedia.org/resource/James_Gregory_(mathematician)","November 1638"
"http://dbpedia.org/resource/David_Gregory_(mathematician)",1659-06-03,"influencedBy","http://dbpedia.org/resource/Isaac_Newton",0001-12-25
"http://dbpedia.org/resource/Guillaume_de_l'Hôpital",1661,"academicAdvisor","http://dbpedia.org/resource/Johann_Bernoulli",1667-08-06
"http://dbpedia.org/resource/John_Craig_(mathematician)",1663,"influencedBy","http://dbpedia.org/resource/Isaac_Newton",1642-12-25
"http://dbpedia.org/resource/John_Craig_(mathematician)",1663,"influencedBy","http://dbpedia.org/resource/Isaac_Newton",0001-12-25
"http://dbpedia.org/resource/John_Craig_(mathematician)",1663,"academicAdvisor","http://dbpedia.org/resource/David_Gregory_(mathematician)",1659-06-03
"http://dbpedia.org/resource/Nicolas_Fatio_de_Duillier",1664-02-26,"influenced","http://dbpedia.org/resource/Georges-Louis_Le_Sage",1724-06-13
"http://dbpedia.org/resource/Nicolas_Fatio_de_Duillier",1664-02-26,"influenced","http://dbpedia.org/resource/Gabriel_Cramer",1704-07-31
"http://dbpedia.org/resource/Nicolas_Fatio_de_Duillier",1664-02-26,"influencedBy","http://dbpedia.org/resource/Christiaan_Huygens",1629-04-14
"http://dbpedia.org/resource/Nicolas_Fatio_de_Duillier",1664-02-26,"influencedBy","http://dbpedia.org/resource/Giovanni_Domenico_Cassini",1625-06-08
"http://dbpedia.org/resource/Nicolas_Fatio_de_Duillier",1664-02-26,"influencedBy","http://dbpedia.org/resource/Isaac_Newton",1642-12-25
"http://dbpedia.org/resource/Nicolas_Fatio_de_Duillier",1664-02-26,"influencedBy","http://dbpedia.org/resource/Isaac_Newton",0001-12-25
"http://dbpedia.org/resource/Nicolas_Fatio_de_Duillier",1664-02-26,"academicAdvisor","http://dbpedia.org/resource/Jean-Robert_Chouet",1642-09-30
"http://dbpedia.org/resource/William_Whiston",1667-12-09,"influencedBy","http://dbpedia.org/resource/David_Gregory_(mathematician)",1659-06-03
"http://dbpedia.org/resource/William_Whiston",1667-12-09,"influencedBy","http://dbpedia.org/resource/Isaac_Newton",1642-12-25
"http://dbpedia.org/resource/William_Whiston",1667-12-09,"influencedBy","http://dbpedia.org/resource/Isaac_Newton",0001-12-25
"http://dbpedia.org/resource/Abraham_de_Moivre",1667-05-26,"influencedBy","http://dbpedia.org/resource/Isaac_Newton",1642-12-25
"http://dbpedia.org/resource/Abraham_de_Moivre",1667-05-26,"influencedBy","http://dbpedia.org/resource/Isaac_Newton",0001-12-25
"http://dbpedia.org/resource/Johann_Bernoulli",1667-08-06,"doctoralAdvisor","http://dbpedia.org/resource/Nikolaus_Eglinger",1645
"http://dbpedia.org/resource/William_Whiston",1667-12-09,"academicAdvisor","http://dbpedia.org/resource/Isaac_Newton",1642-12-25
"http://dbpedia.org/resource/William_Whiston",1667-12-09,"academicAdvisor","http://dbpedia.org/resource/Isaac_Newton",0001-12-25
"http://dbpedia.org/resource/Johann_Bernoulli",1667-08-06,"academicAdvisor","http://dbpedia.org/resource/Jacob_Bernoulli",1655-01-06
"http://dbpedia.org/resource/Frederick_IV_of_Denmark",1671-10-11,"successor","http://dbpedia.org/resource/Christian_VI_of_Denmark",1699-11-30
"http://dbpedia.org/resource/Frederick_IV_of_Denmark",1671-10-11,"predecessor","http://dbpedia.org/resource/Christian_V_of_Denmark",1646-04-15
"http://dbpedia.org/resource/John_Keill",1671-12-01,"academicAdvisor","http://dbpedia.org/resource/David_Gregory_(mathematician)",1659-06-03
"http://dbpedia.org/resource/Roger_Cotes",1682-07-10,"academicAdvisor","http://dbpedia.org/resource/Richard_Bentley",1662-01-27
"http://dbpedia.org/resource/Roger_Cotes",1682-07-10,"academicAdvisor","http://dbpedia.org/resource/Isaac_Newton",1642-12-25
"http://dbpedia.org/resource/Roger_Cotes",1682-07-10,"academicAdvisor","http://dbpedia.org/resource/Isaac_Newton",0001-12-25
"http://dbpedia.org/resource/Brook_Taylor",1685-08-18,"academicAdvisor","http://dbpedia.org/resource/John_Keill",1671-12-01
"http://dbpedia.org/resource/Brook_Taylor",1685-08-18,"academicAdvisor","http://dbpedia.org/resource/John_Machin","c. 1686"
"http://dbpedia.org/resource/Joseph-Nicolas_Delisle",1688-04-04,"doctoralAdvisor","http://dbpedia.org/resource/Jacques_Cassini",1677-02-18
"http://dbpedia.org/resource/Robert_Smith_(mathematician)",1689-10-16,"academicAdvisor","http://dbpedia.org/resource/Roger_Cotes",1682-07-10
"http://dbpedia.org/resource/Christian_August_Hausen",1693-06-19,"academicAdvisor","http://dbpedia.org/resource/Johann_Christoph_Wichmannshausen",1663-10-03
"http://dbpedia.org/resource/Pierre_Louis_Maupertuis",1698,"influenced","http://dbpedia.org/resource/Denis_Diderot",1713-10-05
"http://dbpedia.org/resource/Pierre_Louis_Maupertuis",1698,"influenced","http://dbpedia.org/resource/Leonhard_Euler",1707-04-15
"http://dbpedia.org/resource/Pierre_Louis_Maupertuis",1698,"influenced","http://dbpedia.org/resource/Émilie_du_Châtelet",1706-12-17
"http://dbpedia.org/resource/Pierre_Louis_Maupertuis",1698,"influenced","http://dbpedia.org/resource/Immanuel_Kant",1724-04-22
"http://dbpedia.org/resource/Pierre_Louis_Maupertuis",1698,"influencedBy","http://dbpedia.org/resource/René_Descartes",1596-03-31
"http://dbpedia.org/resource/Pierre_Louis_Maupertuis",1698,"influencedBy","http://dbpedia.org/resource/George_Berkeley",1685-03-12
"http://dbpedia.org/resource/Pierre_Louis_Maupertuis",1698,"influencedBy","http://dbpedia.org/resource/William_Harvey",1578-04-01
"http://dbpedia.org/resource/Pierre_Louis_Maupertuis",1698,"influencedBy","http://dbpedia.org/resource/Nicolas_Malebranche",1638-08-06
"http://dbpedia.org/resource/Pierre_Louis_Maupertuis",1698,"influencedBy","http://dbpedia.org/resource/Isaac_Newton",1642-12-25
"http://dbpedia.org/resource/Pierre_Louis_Maupertuis",1698,"influencedBy","http://dbpedia.org/resource/Isaac_Newton",0001-12-25
"http://dbpedia.org/resource/Émilie_du_Châtelet",1706-12-17,"influencedBy","http://dbpedia.org/resource/Willem_'s_Gravesande",1688-09-26
"http://dbpedia.org/resource/Émilie_du_Châtelet",1706-12-17,"influencedBy","http://dbpedia.org/resource/Isaac_Newton",1642-12-25
"http://dbpedia.org/resource/Émilie_du_Châtelet",1706-12-17,"influencedBy","http://dbpedia.org/resource/Isaac_Newton",0001-12-25
"http://dbpedia.org/resource/Georges-Louis_Leclerc,_Comte_de_Buffon",1707-09-07,"influenced","http://dbpedia.org/resource/Nicolas_Desmarest",1725-09-16
"http://dbpedia.org/resource/Georges-Louis_Leclerc,_Comte_de_Buffon",1707-09-07,"influenced","http://dbpedia.org/resource/Jean-Baptiste_Lamarck",1744-08-01
"http://dbpedia.org/resource/Leonhard_Euler",1707-04-15,"doctoralAdvisor","http://dbpedia.org/resource/Johann_Bernoulli",1667-08-06
"http://dbpedia.org/resource/Vincenzo_Riccati",1707-01-11,"academicAdvisor","http://dbpedia.org/resource/Jacopo_Riccati",1676-05-28
"http://dbpedia.org/resource/Stephen_Whisson",1710,"academicAdvisor","http://dbpedia.org/resource/Walter_Taylor_(mathematician)","c. 1700"
"http://dbpedia.org/resource/Roger_Joseph_Boscovich",1711-05-18,"influencedBy","http://dbpedia.org/resource/Gottfried_Wilhelm_Leibniz",1646-07-01
"http://dbpedia.org/resource/John_Winthrop_(educator)",1714-12-19,"successor","http://dbpedia.org/resource/Samuel_Langdon",1723-01-12
"http://dbpedia.org/resource/John_Winthrop_(educator)",1714-12-19,"successor","http://dbpedia.org/resource/Samuel_Locke",1732-11-23
"http://dbpedia.org/resource/John_Winthrop_(educator)",1714-12-19,"predecessor","http://dbpedia.org/resource/Samuel_Locke",1732-11-23
"http://dbpedia.org/resource/John_Winthrop_(educator)",1714-12-19,"predecessor","http://dbpedia.org/resource/Edward_Holyoke",1689-06-26
"http://dbpedia.org/resource/Claude_Adrien_Helvétius",1715-01-26,"influencedBy","http://dbpedia.org/resource/John_Locke",1632-08-29
"http://dbpedia.org/resource/Abraham_Gotthelf_Kästner",1719-09-27,"doctoralAdvisor","http://dbpedia.org/resource/Christian_August_Hausen",1693-06-19
"http://dbpedia.org/resource/Johann_Heinrich_Lambert",1728-08-28,"influenced","http://dbpedia.org/resource/Moses_Mendelssohn",1729-09-06
"http://dbpedia.org/resource/Johann_Heinrich_Lambert",1728-08-28,"influencedBy","http://dbpedia.org/resource/Christian_Wolff_(philosopher)",1679-01-24
"http://dbpedia.org/resource/Johann_Heinrich_Lambert",1728-08-28,"influencedBy","http://dbpedia.org/resource/Leonhard_Euler",1707-04-15
"http://dbpedia.org/resource/Johann_Heinrich_Lambert",1728-08-28,"influencedBy","http://dbpedia.org/resource/Francis_Bacon",1561-01-22
"http://dbpedia.org/resource/Johann_Heinrich_Lambert",1728-08-28,"influencedBy","http://dbpedia.org/resource/Aristotle",384
"http://dbpedia.org/resource/Thomas_Postlethwaite",1731,"academicAdvisor","http://dbpedia.org/resource/Stephen_Whisson",1710
"http://dbpedia.org/resource/Jérôme_Lalande",1732-07-11,"doctoralAdvisor","http://dbpedia.org/resource/Joseph-Nicolas_Delisle",1688-04-04
"http://dbpedia.org/resource/John_Dawson_(surgeon)",1734,"academicAdvisor","http://dbpedia.org/resource/Edward_Waring","c. 1736"
"http://dbpedia.org/resource/Joseph-Louis_Lagrange",1736-01-25,"influenced","http://dbpedia.org/resource/Évariste_Galois",1811-10-25
"http://dbpedia.org/resource/Joseph-Louis_Lagrange",1736-01-25,"influencedBy","http://dbpedia.org/resource/Leonhard_Euler",1707-04-15
"http://dbpedia.org/resource/Jean_Sylvain_Bailly",1736-09-15,"successor","http://dbpedia.org/resource/Jérôme_Pétion_de_Villeneuve",1756-01-03
"http://dbpedia.org/resource/Joseph-Louis_Lagrange",1736-01-25,"academicAdvisor","http://dbpedia.org/resource/Leonhard_Euler",1707-04-15
"http://dbpedia.org/resource/Charles_Hutton",1737-08-14,"influenced","http://dbpedia.org/resource/John_Scott,_1st_Earl_of_Eldon",1751-06-04
"http://dbpedia.org/resource/William_Herschel",1738-11-15,"influencedBy","http://dbpedia.org/resource/Thomas_Young_(scientist)",1773-06-13
"http://dbpedia.org/resource/Israel_Lyons",1739,"influenced","http://dbpedia.org/resource/Joseph_Banks",1743-02-24
"http://dbpedia.org/resource/Israel_Lyons",1739,"academicAdvisor","http://dbpedia.org/resource/Robert_Smith_(mathematician)",1689-10-16
"http://dbpedia.org/resource/Anders_Johan_Lexell",1740-12-24,"influencedBy","http://dbpedia.org/resource/Leonhard_Euler",1707-04-15
"http://dbpedia.org/resource/Anders_Johan_Lexell",1740-12-24,"doctoralAdvisor","http://dbpedia.org/resource/Jakob_Gadolin",1719-10-24
"http://dbpedia.org/resource/Jacques-André_Mallet",1740-09-23,"academicAdvisor","http://dbpedia.org/resource/Daniel_Bernoulli",1700-02-08
"http://dbpedia.org/resource/Charles_de_Tinseau_d'Amondans",1748-04-19,"influencedBy","http://dbpedia.org/resource/Gaspard_Monge",1746-05-09
"http://dbpedia.org/resource/Adrien-Marie_Legendre",1752-09-18,"influenced","http://dbpedia.org/resource/Évariste_Galois",1811-10-25
"http://dbpedia.org/resource/Edward_Pigott",1753,"influenced","http://dbpedia.org/resource/John_Goodricke",1764-09-17
"http://dbpedia.org/resource/Nicola_Fergola",1753-10-29,"influencedBy","http://dbpedia.org/resource/Vincenzo_Flauti",1782-04-04
"http://dbpedia.org/resource/Lazare_Carnot",1753-05-13,"successor","http://dbpedia.org/resource/Louis-Alexandre_Berthier",1753-11-20
"http://dbpedia.org/resource/Lazare_Carnot",1753-05-13,"predecessor","http://dbpedia.org/resource/Louis-Alexandre_Berthier",1753-11-20
"http://dbpedia.org/resource/Nicolas_Fuss",1755-01-29,"academicAdvisor","http://dbpedia.org/resource/Leonhard_Euler",1707-04-15
"http://dbpedia.org/resource/John_West_(mathematician)",1756-04-10,"influenced","http://dbpedia.org/resource/James_Ivory_(mathematician)",1765-02-17
"http://dbpedia.org/resource/John_West_(mathematician)",1756-04-10,"influenced","http://dbpedia.org/resource/John_Leslie_(physicist)",1766-04-10
"http://dbpedia.org/resource/Jan_Śniadecki",1756-08-29,"influencedBy","http://dbpedia.org/resource/Hugo_Kołłątaj",1750-04-01
"http://dbpedia.org/resource/John_West_(mathematician)",1756-04-10,"influencedBy","http://dbpedia.org/resource/Nicolas_Vilant",1737-06-12
"http://dbpedia.org/resource/Ernst_Chladni",1756-11-30,"doctoralAdvisor","http://dbpedia.org/resource/Georg_Christoph_Lichtenberg",1742-07-01
"http://dbpedia.org/resource/Thomas_Jones_(mathematician)",1756-06-23,"academicAdvisor","http://dbpedia.org/resource/Thomas_Postlethwaite",1731
"http://dbpedia.org/resource/Thomas_Jones_(mathematician)",1756-06-23,"academicAdvisor","http://dbpedia.org/resource/John_Cranke",1746
"http://dbpedia.org/resource/Pietro_Paoli",1759-03-02,"influenced","http://dbpedia.org/resource/Gregorio_Fontana",1735-12-07
"http://dbpedia.org/resource/John_Goodricke",1764-09-17,"influencedBy","http://dbpedia.org/resource/Edward_Pigott",1753
"http://dbpedia.org/resource/Johann_Friedrich_Pfaff",1765-12-22,"doctoralAdvisor","http://dbpedia.org/resource/Johann_Elert_Bode",1747-01-19
"http://dbpedia.org/resource/Sylvestre_François_Lacroix",1765-04-28,"academicAdvisor","http://dbpedia.org/resource/Gaspard_Monge",1746-05-09
"http://dbpedia.org/resource/John_Leslie_(physicist)",1766-04-10,"influencedBy","http://dbpedia.org/resource/David_Hume",0001-05-07
"http://dbpedia.org/resource/John_Leslie_(physicist)",1766-04-10,"influencedBy","http://dbpedia.org/resource/David_Hume",""
"http://dbpedia.org/resource/Vincenzo_Brunacci",1768-03-03,"doctoralAdvisor","http://dbpedia.org/resource/Pietro_Paoli",1759-03-02
"http://dbpedia.org/resource/Joseph_Fourier",1768-03-21,"academicAdvisor","http://dbpedia.org/resource/Joseph-Louis_Lagrange",1736-01-25
"http://dbpedia.org/resource/Joseph_Fourier",1768-03-21,"academicAdvisor","http://dbpedia.org/resource/Jean-Baptiste_Biot",1774-04-21
"http://dbpedia.org/resource/Johann_Christian_Martin_Bartels",1769-08-12,"academicAdvisor","http://dbpedia.org/resource/Abraham_Gotthelf_Kästner",1719-09-27
"http://dbpedia.org/resource/Johann_Christian_Martin_Bartels",1769-08-12,"academicAdvisor","http://dbpedia.org/resource/Johann_Friedrich_Pfaff",1765-12-22
