"subject_uri","target_uri","field","birthYear"
"http://dbpedia.org/resource/Johannes_Engel","http://dbpedia.org/resource/Astronomer","Astronomer",1453
"http://dbpedia.org/resource/Domenico_Maria_Novara_da_Ferrara","http://dbpedia.org/resource/Astronomy","Astronomy",1454
"http://dbpedia.org/resource/Scipione_del_Ferro","http://dbpedia.org/resource/Mathematics","Mathematics",1465
"http://dbpedia.org/resource/Estienne_de_La_Roche","http://dbpedia.org/resource/Mathematician","Mathematician",1470
"http://dbpedia.org/resource/Nicolaus_Copernicus","http://dbpedia.org/resource/Astronomy","Astronomy",1473
"http://dbpedia.org/resource/Nicolaus_Copernicus","http://dbpedia.org/resource/Canon_law_of_the_Catholic_Church","Canon law of the Catholic Church",1473
"http://dbpedia.org/resource/Heinrich_Cornelius_Agrippa","http://dbpedia.org/resource/Occult","Occult",1486
"http://dbpedia.org/resource/Heinrich_Cornelius_Agrippa","http://dbpedia.org/resource/Soldier","Soldier",1486
"http://dbpedia.org/resource/Heinrich_Cornelius_Agrippa","http://dbpedia.org/resource/Physician","Physician",1486
"http://dbpedia.org/resource/Heinrich_Cornelius_Agrippa","http://dbpedia.org/resource/Theology","Theology",1486
"http://dbpedia.org/resource/Nicholas_Kratzer","http://dbpedia.org/resource/Mathematician","Mathematician",1487
"http://dbpedia.org/resource/Nicholas_Kratzer","http://dbpedia.org/resource/Astronomer","Astronomer",1487
"http://dbpedia.org/resource/Nicholas_Kratzer","http://dbpedia.org/resource/Horologist","Horologist",1487
"http://dbpedia.org/resource/Matteo_Tafuri","http://dbpedia.org/resource/Astrology","Astrology",1492
"http://dbpedia.org/resource/Matteo_Tafuri","http://dbpedia.org/resource/Philosophy","Philosophy",1492
"http://dbpedia.org/resource/Matteo_Tafuri","http://dbpedia.org/resource/Medicine","Medicine",1492
"http://dbpedia.org/resource/Adam_Ries","http://dbpedia.org/resource/Mathematics","Mathematics",1492
"http://dbpedia.org/resource/Francesco_Maurolico","http://dbpedia.org/resource/Mathematics","Mathematics",1494
"http://dbpedia.org/resource/Francesco_Maurolico","http://dbpedia.org/resource/Mechanics","Mechanics",1494
"http://dbpedia.org/resource/Francesco_Maurolico","http://dbpedia.org/resource/Geometry","Geometry",1494
"http://dbpedia.org/resource/Francesco_Maurolico","http://dbpedia.org/resource/Music","Music",1494
"http://dbpedia.org/resource/Francesco_Maurolico","http://dbpedia.org/resource/Astronomy","Astronomy",1494
"http://dbpedia.org/resource/Francesco_Maurolico","http://dbpedia.org/resource/Optics","Optics",1494
"http://dbpedia.org/resource/Francesco_Maurolico","http://dbpedia.org/resource/Conics","Conics",1494
"http://dbpedia.org/resource/Oronce_Finé","http://dbpedia.org/resource/Cartography","Cartography",1494
"http://dbpedia.org/resource/Niccolò_Fontana_Tartaglia","http://dbpedia.org/resource/Mathematics","Mathematics",1499
"http://dbpedia.org/resource/Niccolò_Fontana_Tartaglia","http://dbpedia.org/resource/Engineering","Engineering",1499
"http://dbpedia.org/resource/Pedro_Nunes","http://dbpedia.org/resource/Cosmographer","Cosmographer",1502
"http://dbpedia.org/resource/Pedro_Nunes","http://dbpedia.org/resource/Professor","Professor",1502
"http://dbpedia.org/resource/Pedro_Nunes","http://dbpedia.org/resource/Mathematician","Mathematician",1502
"http://dbpedia.org/resource/Nostradamus","http://dbpedia.org/resource/Apothecary","Apothecary",1503
"http://dbpedia.org/resource/Nostradamus","http://dbpedia.org/resource/Astrology","Astrology",1503
"http://dbpedia.org/resource/Justus_Velsius","http://dbpedia.org/resource/Humanist","Humanist",1510
"http://dbpedia.org/resource/Erasmus_Reinhold","http://dbpedia.org/resource/Mathematician","Mathematician",1511
"http://dbpedia.org/resource/Erasmus_Reinhold","http://dbpedia.org/resource/Astronomer","Astronomer",1511
"http://dbpedia.org/resource/Georg_Joachim_Rheticus","http://dbpedia.org/resource/Mathematician","Mathematician",1514
"http://dbpedia.org/resource/Georg_Joachim_Rheticus","http://dbpedia.org/resource/Astronomer","Astronomer",1514
"http://dbpedia.org/resource/Jacques_Pelletier_du_Mans","http://dbpedia.org/resource/Poet","Poet",1517
"http://dbpedia.org/resource/Jacques_Pelletier_du_Mans","http://dbpedia.org/resource/Mathematician","Mathematician",1517
"http://dbpedia.org/resource/Jacques_Pelletier_du_Mans","http://dbpedia.org/resource/Renaissance_Humanism","Renaissance Humanism",1517
"http://dbpedia.org/resource/Lodovico_Ferrari","http://dbpedia.org/resource/Mathematics","Mathematics",1522
"http://dbpedia.org/resource/Hermann_Wilken","http://dbpedia.org/resource/Humanism","Humanism",1522
"http://dbpedia.org/resource/Hermann_Wilken","http://dbpedia.org/resource/Mathematician","Mathematician",1522
"http://dbpedia.org/resource/Peter_Agricola","http://dbpedia.org/resource/Educator","Educator",1525
"http://dbpedia.org/resource/Peter_Agricola","http://dbpedia.org/resource/Diplomat","Diplomat",1525
"http://dbpedia.org/resource/Peter_Agricola","http://dbpedia.org/resource/Theologian","Theologian",1525
"http://dbpedia.org/resource/Peter_Agricola","http://dbpedia.org/resource/Renaissance_humanist","Renaissance humanist",1525
"http://dbpedia.org/resource/John_Dee","http://dbpedia.org/resource/Navigation","Navigation",1527
"http://dbpedia.org/resource/John_Dee","http://dbpedia.org/resource/Mathematics","Mathematics",1527
"http://dbpedia.org/resource/John_Dee","http://dbpedia.org/resource/Alchemy","Alchemy",1527
"http://dbpedia.org/resource/John_Dee","http://dbpedia.org/resource/Astrology","Astrology",1527
"http://dbpedia.org/resource/John_Dee","http://dbpedia.org/resource/Hermeticism","Hermeticism",1527
"http://dbpedia.org/resource/Birbal","http://dbpedia.org/resource/Mughal_Empire","Mughal Empire",1528
"http://dbpedia.org/resource/Hemangada_Thakura","http://dbpedia.org/resource/Astronomer","Astronomer",1530
"http://dbpedia.org/resource/Hemangada_Thakura","http://dbpedia.org/resource/Astronomy","Astronomy",1530
"http://dbpedia.org/resource/Giambattista_Benedetti","http://dbpedia.org/resource/Mathematician","Mathematician",1530
"http://dbpedia.org/resource/Zhu_Zaiyu","http://dbpedia.org/resource/Mathematician","Mathematician",1536
"http://dbpedia.org/resource/Zhu_Zaiyu","http://dbpedia.org/resource/Historian","Historian",1536
"http://dbpedia.org/resource/Zhu_Zaiyu","http://dbpedia.org/resource/Astronomer","Astronomer",1536
"http://dbpedia.org/resource/Zhu_Zaiyu","http://dbpedia.org/resource/Choreographer","Choreographer",1536
"http://dbpedia.org/resource/Zhu_Zaiyu","http://dbpedia.org/resource/Physicist","Physicist",1536
"http://dbpedia.org/resource/Christopher_Clavius","http://dbpedia.org/resource/Mathematician","Mathematician",1538
"http://dbpedia.org/resource/Christopher_Clavius","http://dbpedia.org/resource/Astronomer","Astronomer",1538
"http://dbpedia.org/resource/Ludolph_van_Ceulen","http://dbpedia.org/resource/Mathematics","Mathematics",1540
"http://dbpedia.org/resource/François_Viète","http://dbpedia.org/resource/Mathematics","Mathematics",1540
"http://dbpedia.org/resource/François_Viète","http://dbpedia.org/resource/Trigonometry","Trigonometry",1540
"http://dbpedia.org/resource/François_Viète","http://dbpedia.org/resource/Astronomy","Astronomy",1540
"http://dbpedia.org/resource/Ostilio_Ricci","http://dbpedia.org/resource/Mathematician","Mathematician",1540
"http://dbpedia.org/resource/Tycho_Brahe","http://dbpedia.org/resource/Astronomer","Astronomer",1546
"http://dbpedia.org/resource/Simon_Stevin","http://dbpedia.org/resource/Mathematician","Mathematician",1548
"http://dbpedia.org/resource/Simon_Stevin","http://dbpedia.org/resource/Music_theorist","Music theorist",1548
"http://dbpedia.org/resource/John_Napier","http://dbpedia.org/resource/Mathematician","Mathematician",1550
"http://dbpedia.org/resource/Petrus_Plancius","http://dbpedia.org/resource/Cartography","Cartography",1552
"http://dbpedia.org/resource/Petrus_Plancius","http://dbpedia.org/resource/Theology","Theology",1552
"http://dbpedia.org/resource/Simon_Forman","http://dbpedia.org/resource/Alchemist","Alchemist",1552
"http://dbpedia.org/resource/Simon_Forman","http://dbpedia.org/resource/Medical_practitioner","Medical practitioner",1552
"http://dbpedia.org/resource/Simon_Forman","http://dbpedia.org/resource/Astrologer","Astrologer",1552
"http://dbpedia.org/resource/Jost_Bürgi","http://dbpedia.org/resource/Mathematician","Mathematician",1552
"http://dbpedia.org/resource/Petrus_Ryff","http://dbpedia.org/resource/Mathematics","Mathematics",1552
"http://dbpedia.org/resource/Petrus_Ryff","http://dbpedia.org/resource/Astronomy","Astronomy",1552
"http://dbpedia.org/resource/Petrus_Ryff","http://dbpedia.org/resource/Medicine","Medicine",1552
"http://dbpedia.org/resource/Robert_Hues","http://dbpedia.org/resource/Mathematics","Mathematics",1553
"http://dbpedia.org/resource/Robert_Hues","http://dbpedia.org/resource/Geography","Geography",1553
"http://dbpedia.org/resource/Henry_Briggs_(mathematician)","http://dbpedia.org/resource/Mathematician","Mathematician",1561
"http://dbpedia.org/resource/Henry_Briggs_(mathematician)","http://dbpedia.org/resource/Astronomer","Astronomer",1561
"http://dbpedia.org/resource/Christen_Sørensen_Longomontanus","http://dbpedia.org/resource/Astronomy","Astronomy",1562
"http://dbpedia.org/resource/Galileo_Galilei","http://dbpedia.org/resource/Mathematics","Mathematics",1564
"http://dbpedia.org/resource/Galileo_Galilei","http://dbpedia.org/resource/Engineering","Engineering",1564
"http://dbpedia.org/resource/Galileo_Galilei","http://dbpedia.org/resource/Physics","Physics",1564
"http://dbpedia.org/resource/Galileo_Galilei","http://dbpedia.org/resource/Astronomy","Astronomy",1564
"http://dbpedia.org/resource/Galileo_Galilei","http://dbpedia.org/resource/Natural_philosophy","Natural philosophy",1564
"http://dbpedia.org/resource/Tommaso_Campanella","http://dbpedia.org/resource/Astrologer","Astrologer",1568
"http://dbpedia.org/resource/Tommaso_Campanella","http://dbpedia.org/resource/Philosopher","Philosopher",1568
"http://dbpedia.org/resource/Marino_Ghetaldi","http://dbpedia.org/resource/Mathematician","Mathematician",1568
"http://dbpedia.org/resource/Marino_Ghetaldi","http://dbpedia.org/resource/Physicist","Physicist",1568
"http://dbpedia.org/resource/Andrea_Argoli","http://dbpedia.org/resource/Mathematician","Mathematician",1570
"http://dbpedia.org/resource/Andrea_Argoli","http://dbpedia.org/resource/Jurist","Jurist",1570
"http://dbpedia.org/resource/Andrea_Argoli","http://dbpedia.org/resource/Astronomer","Astronomer",1570
"http://dbpedia.org/resource/Andrea_Argoli","http://dbpedia.org/resource/Astrologer","Astrologer",1570
"http://dbpedia.org/resource/Johannes_Kepler","http://dbpedia.org/resource/Mathematics","Mathematics",1571
"http://dbpedia.org/resource/Johannes_Kepler","http://dbpedia.org/resource/Astrology","Astrology",1571
"http://dbpedia.org/resource/Johannes_Kepler","http://dbpedia.org/resource/Astronomy","Astronomy",1571
"http://dbpedia.org/resource/Johannes_Kepler","http://dbpedia.org/resource/Natural_philosophy","Natural philosophy",1571
"http://dbpedia.org/resource/Adriaan_Metius","http://dbpedia.org/resource/Geometry","Geometry",1571
"http://dbpedia.org/resource/Adriaan_Metius","http://dbpedia.org/resource/Astronomer","Astronomer",1571
"http://dbpedia.org/resource/Johann_Bayer","http://dbpedia.org/resource/Astronomy","Astronomy",1572
"http://dbpedia.org/resource/Johann_Bayer","http://dbpedia.org/resource/Jurisprudence","Jurisprudence",1572
"http://dbpedia.org/resource/Simon_Marius","http://dbpedia.org/resource/Astronomy","Astronomy",1573
"http://dbpedia.org/resource/Robert_Fludd","http://dbpedia.org/resource/Astrologer","Astrologer",1574
"http://dbpedia.org/resource/Robert_Fludd","http://dbpedia.org/resource/Physician","Physician",1574
"http://dbpedia.org/resource/Anne_Turner_(murderer)","http://dbpedia.org/resource/Maidservant","Maidservant",1576
"http://dbpedia.org/resource/Paul_Guldin","http://dbpedia.org/resource/Mathematician","Mathematician",1577
"http://dbpedia.org/resource/Paul_Guldin","http://dbpedia.org/resource/Astronomer","Astronomer",1577
"http://dbpedia.org/resource/Paul_Guldin","http://dbpedia.org/resource/Jesuit","Jesuit",1577
"http://dbpedia.org/resource/Benedetto_Castelli","http://dbpedia.org/resource/Mathematician","Mathematician",1578
"http://dbpedia.org/resource/Willebrord_Snellius","http://dbpedia.org/resource/Mathematics","Mathematics",1580
"http://dbpedia.org/resource/Willebrord_Snellius","http://dbpedia.org/resource/Astronomy","Astronomy",1580
"http://dbpedia.org/resource/Godfried_Wendelen","http://dbpedia.org/resource/Patristics","Patristics",1580
"http://dbpedia.org/resource/Godfried_Wendelen","http://dbpedia.org/resource/Astronomy","Astronomy",1580
"http://dbpedia.org/resource/Godfried_Wendelen","http://dbpedia.org/resource/Metereology","Metereology",1580
"http://dbpedia.org/resource/Claude_Gaspar_Bachet_de_Méziriac","http://dbpedia.org/resource/Mathematician","Mathematician",1581
"http://dbpedia.org/resource/John_Bainbridge_(astronomer)","http://dbpedia.org/resource/Astronomy","Astronomy",1582
"http://dbpedia.org/resource/Deodat_del_Monte","http://dbpedia.org/resource/Painting","Painting",1582
"http://dbpedia.org/resource/Deodat_del_Monte","http://dbpedia.org/resource/Architecture","Architecture",1582
"http://dbpedia.org/resource/Deodat_del_Monte","http://dbpedia.org/resource/Astronomy","Astronomy",1582
"http://dbpedia.org/resource/Mario_Bettinus","http://dbpedia.org/resource/Mathematician","Mathematician",1582
"http://dbpedia.org/resource/Mario_Bettinus","http://dbpedia.org/resource/Scientist","Scientist",1582
"http://dbpedia.org/resource/Mario_Bettinus","http://dbpedia.org/resource/Philosopher","Philosopher",1582
"http://dbpedia.org/resource/Mario_Bettinus","http://dbpedia.org/resource/Jesuit","Jesuit",1582
"http://dbpedia.org/resource/Niccolò_Zucchi","http://dbpedia.org/resource/Astronomy","Astronomy",1586
"http://dbpedia.org/resource/Peter_Turner_(mathematician)","http://dbpedia.org/resource/Mathematician","Mathematician",1586
"http://dbpedia.org/resource/Kaspar_Uttenhofer","http://dbpedia.org/resource/Astronomer","Astronomer",1588
"http://dbpedia.org/resource/Ole_Worm","http://dbpedia.org/resource/Natural_history","Natural history",1588
"http://dbpedia.org/resource/Ole_Worm","http://dbpedia.org/resource/Physician","Physician",1588
"http://dbpedia.org/resource/Ole_Worm","http://dbpedia.org/resource/Antiquary","Antiquary",1588
"http://dbpedia.org/resource/Johann_Adam_Schall_von_Bell","http://dbpedia.org/resource/Religion","Religion",1591
"http://dbpedia.org/resource/Johann_Adam_Schall_von_Bell","http://dbpedia.org/resource/Astronomy","Astronomy",1591
"http://dbpedia.org/resource/Daniel_Hay_du_Chastelet_de_Chambon","http://dbpedia.org/resource/Mathematician","Mathematician",1596
"http://dbpedia.org/resource/Giovanni_Battista_Riccioli","http://dbpedia.org/resource/Geography","Geography",1598
"http://dbpedia.org/resource/Giovanni_Battista_Riccioli","http://dbpedia.org/resource/Chronology","Chronology",1598
"http://dbpedia.org/resource/Giovanni_Battista_Riccioli","http://dbpedia.org/resource/Astronomy","Astronomy",1598
"http://dbpedia.org/resource/Giovanni_Battista_Riccioli","http://dbpedia.org/resource/Experimental_physics","Experimental physics",1598
"http://dbpedia.org/resource/Bonaventura_Cavalieri","http://dbpedia.org/resource/Mathematics","Mathematics",1598
"http://dbpedia.org/resource/Ovidio_Montalbani","http://dbpedia.org/resource/Mathematician","Mathematician",1601
"http://dbpedia.org/resource/Ovidio_Montalbani","http://dbpedia.org/resource/Historian","Historian",1601
"http://dbpedia.org/resource/Ovidio_Montalbani","http://dbpedia.org/resource/Astronomer","Astronomer",1601
"http://dbpedia.org/resource/Ovidio_Montalbani","http://dbpedia.org/resource/Dialectologist","Dialectologist",1601
"http://dbpedia.org/resource/Ovidio_Montalbani","http://dbpedia.org/resource/Physicist","Physicist",1601
"http://dbpedia.org/resource/Florimond_de_Beaune","http://dbpedia.org/resource/Mathematics","Mathematics",1601
"http://dbpedia.org/resource/William_Lilly","http://dbpedia.org/resource/Translator","Translator",1602
"http://dbpedia.org/resource/William_Lilly","http://dbpedia.org/resource/Author","Author",1602
"http://dbpedia.org/resource/William_Lilly","http://dbpedia.org/resource/Astrology","Astrology",1602
"http://dbpedia.org/resource/William_Lilly","http://dbpedia.org/resource/Astrologer","Astrologer",1602
"http://dbpedia.org/resource/Gilles_de_Roberval","http://dbpedia.org/resource/Mathematician","Mathematician",1602
"http://dbpedia.org/resource/Placidus_de_Titis","http://dbpedia.org/resource/Monk","Monk",1603
"http://dbpedia.org/resource/Placidus_de_Titis","http://dbpedia.org/resource/Mathematician","Mathematician",1603
"http://dbpedia.org/resource/Placidus_de_Titis","http://dbpedia.org/resource/Astronomer","Astronomer",1603
"http://dbpedia.org/resource/Placidus_de_Titis","http://dbpedia.org/resource/Astrologer","Astrologer",1603
"http://dbpedia.org/resource/Ismaël_Bullialdus","http://dbpedia.org/resource/Astronomer","Astronomer",1605
"http://dbpedia.org/resource/Juan_Caramuel_y_Lobkowitz","http://dbpedia.org/resource/Mathematician","Mathematician",1606
"http://dbpedia.org/resource/Vincentio_Reinieri","http://dbpedia.org/resource/Mathematician","Mathematician",1606
"http://dbpedia.org/resource/Vincentio_Reinieri","http://dbpedia.org/resource/Astronomer","Astronomer",1606
"http://dbpedia.org/resource/Pierre_de_Fermat","http://dbpedia.org/resource/Mathematics","Mathematics",1607
"http://dbpedia.org/resource/Pierre_de_Fermat","http://dbpedia.org/resource/Law","Law",1607
"http://dbpedia.org/resource/Honoré_Fabri","http://dbpedia.org/resource/Mathematician","Mathematician",1608
"http://dbpedia.org/resource/Honoré_Fabri","http://dbpedia.org/resource/Physicist","Physicist",1608
"http://dbpedia.org/resource/Honoré_Fabri","http://dbpedia.org/resource/Jesuit","Jesuit",1608
"http://dbpedia.org/resource/Giovanni_Alfonso_Borelli","http://dbpedia.org/resource/Physiologist","Physiologist",1608
"http://dbpedia.org/resource/Giovanni_Alfonso_Borelli","http://dbpedia.org/resource/Mathematician","Mathematician",1608
"http://dbpedia.org/resource/Giovanni_Alfonso_Borelli","http://dbpedia.org/resource/Physicist","Physicist",1608
"http://dbpedia.org/resource/William_Crabtree","http://dbpedia.org/resource/Astronomy","Astronomy",1610
"http://dbpedia.org/resource/Johannes_Hevelius","http://dbpedia.org/resource/Brewing","Brewing",1611
"http://dbpedia.org/resource/Johannes_Hevelius","http://dbpedia.org/resource/Astronomy","Astronomy",1611
"http://dbpedia.org/resource/Johannes_Hevelius","http://dbpedia.org/resource/Jurisprudence","Jurisprudence",1611
"http://dbpedia.org/resource/John_Pell_(mathematician)","http://dbpedia.org/resource/Mathematician","Mathematician",1611
"http://dbpedia.org/resource/John_Pell_(mathematician)","http://dbpedia.org/resource/Linguist","Linguist",1611
"http://dbpedia.org/resource/Frans_van_Schooten","http://dbpedia.org/resource/Mathematics","Mathematics",1615
"http://dbpedia.org/resource/Nicholas_Culpeper","http://dbpedia.org/resource/Herbalism","Herbalism",1616
"http://dbpedia.org/resource/Nicholas_Culpeper","http://dbpedia.org/resource/Botany","Botany",1616
"http://dbpedia.org/resource/Nicholas_Culpeper","http://dbpedia.org/resource/Astrology","Astrology",1616
"http://dbpedia.org/resource/Nicholas_Culpeper","http://dbpedia.org/resource/Medicine","Medicine",1616
"http://dbpedia.org/resource/Thomas_Bartholin","http://dbpedia.org/resource/Medicine","Medicine",1616
"http://dbpedia.org/resource/Elias_Ashmole","http://dbpedia.org/resource/Officer_of_arms","Officer of arms",1617
"http://dbpedia.org/resource/Elias_Ashmole","http://dbpedia.org/resource/Antiquarian","Antiquarian",1617
"http://dbpedia.org/resource/Elias_Ashmole","http://dbpedia.org/resource/Alchemy","Alchemy",1617
"http://dbpedia.org/resource/Elias_Ashmole","http://dbpedia.org/resource/Astrologer","Astrologer",1617
"http://dbpedia.org/resource/Jonas_Moore","http://dbpedia.org/resource/Cadastral","Cadastral",1617
"http://dbpedia.org/resource/Jeremiah_Horrocks","http://dbpedia.org/resource/Mechanics","Mechanics",1618
"http://dbpedia.org/resource/Jeremiah_Horrocks","http://dbpedia.org/resource/Astronomy","Astronomy",1618
"http://dbpedia.org/resource/Francesco_Maria_Grimaldi","http://dbpedia.org/resource/Mathematics","Mathematics",1618
"http://dbpedia.org/resource/Francesco_Maria_Grimaldi","http://dbpedia.org/resource/Physics","Physics",1618
"http://dbpedia.org/resource/Jean_Picard","http://dbpedia.org/resource/Astronomer","Astronomer",1620
"http://dbpedia.org/resource/Magnus_Celsius","http://dbpedia.org/resource/Mathematics","Mathematics",1621
"http://dbpedia.org/resource/Magnus_Celsius","http://dbpedia.org/resource/Astronomy","Astronomy",1621
"http://dbpedia.org/resource/Vincenzo_Viviani","http://dbpedia.org/resource/Mathematician","Mathematician",1622
"http://dbpedia.org/resource/Vincenzo_Viviani","http://dbpedia.org/resource/Physicist","Physicist",1622
"http://dbpedia.org/resource/René-François_de_Sluse","http://dbpedia.org/resource/Mathematician","Mathematician",1622
"http://dbpedia.org/resource/Giovanni_Domenico_Cassini","http://dbpedia.org/resource/Mathematics","Mathematics",1625
"http://dbpedia.org/resource/Giovanni_Domenico_Cassini","http://dbpedia.org/resource/Astrology","Astrology",1625
"http://dbpedia.org/resource/Erhard_Weigel","http://dbpedia.org/resource/Mathematician","Mathematician",1625
"http://dbpedia.org/resource/Erhard_Weigel","http://dbpedia.org/resource/Astronomer","Astronomer",1625
"http://dbpedia.org/resource/Erhard_Weigel","http://dbpedia.org/resource/Philosopher","Philosopher",1625
"http://dbpedia.org/resource/William_Ramsay_(astrologer)","http://dbpedia.org/resource/Astrologer","Astrologer",1626
"http://dbpedia.org/resource/William_Ramsay_(astrologer)","http://dbpedia.org/resource/Physician","Physician",1626
"http://dbpedia.org/resource/Johannes_Hudde","http://dbpedia.org/resource/Mathematics","Mathematics",1628
"http://dbpedia.org/resource/Richard_Towneley","http://dbpedia.org/resource/Mathematics","Mathematics",1629
"http://dbpedia.org/resource/Richard_Towneley","http://dbpedia.org/resource/Astronomy","Astronomy",1629
"http://dbpedia.org/resource/Richard_Towneley","http://dbpedia.org/resource/Natural_philosophy","Natural philosophy",1629
"http://dbpedia.org/resource/Geminiano_Montanari","http://dbpedia.org/resource/Mathematics","Mathematics",1633
"http://dbpedia.org/resource/Geminiano_Montanari","http://dbpedia.org/resource/Physics","Physics",1633
"http://dbpedia.org/resource/Geminiano_Montanari","http://dbpedia.org/resource/Economics","Economics",1633
"http://dbpedia.org/resource/Geminiano_Montanari","http://dbpedia.org/resource/Astronomy","Astronomy",1633
"http://dbpedia.org/resource/Alessandro_Marchetti_(mathematician)","http://dbpedia.org/resource/Mathematician","Mathematician",1633
"http://dbpedia.org/resource/Francis_Willughby","http://dbpedia.org/resource/Ornithology","Ornithology",1635
"http://dbpedia.org/resource/Francis_Willughby","http://dbpedia.org/resource/Ichthyology","Ichthyology",1635
"http://dbpedia.org/resource/Pieter_de_Graeff","http://dbpedia.org/resource/Landlord","Landlord",1638
"http://dbpedia.org/resource/Pieter_de_Graeff","http://dbpedia.org/resource/Regent","Regent",1638
"http://dbpedia.org/resource/Gottfried_Kirch","http://dbpedia.org/resource/Astronomy","Astronomy",1639
"http://dbpedia.org/resource/Philippe_de_La_Hire","http://dbpedia.org/resource/Mathematics","Mathematics",1640
"http://dbpedia.org/resource/Philippe_de_La_Hire","http://dbpedia.org/resource/Architecture","Architecture",1640
"http://dbpedia.org/resource/Philippe_de_La_Hire","http://dbpedia.org/resource/Astronomy","Astronomy",1640
"http://dbpedia.org/resource/Bernard_Lamy","http://dbpedia.org/resource/Mathematics","Mathematics",1640
"http://dbpedia.org/resource/Jacques_Ozanam","http://dbpedia.org/resource/Mathematician","Mathematician",1640
"http://dbpedia.org/resource/Isaac_Newton","http://dbpedia.org/resource/Physics","Physics",1642
"http://dbpedia.org/resource/Isaac_Newton","http://dbpedia.org/resource/Alchemy","Alchemy",1642
"http://dbpedia.org/resource/Isaac_Newton","http://dbpedia.org/resource/Astronomy","Astronomy",1642
"http://dbpedia.org/resource/Isaac_Newton","http://dbpedia.org/resource/Natural_philosophy","Natural philosophy",1642
"http://dbpedia.org/resource/Seki_Takakazu","http://dbpedia.org/resource/Mathematics","Mathematics",1642
"http://dbpedia.org/resource/Ole_Rømer","http://dbpedia.org/resource/Astronomy","Astronomy",1644
"http://dbpedia.org/resource/Otto_Mencke","http://dbpedia.org/resource/Mathematician","Mathematician",1644
"http://dbpedia.org/resource/Otto_Mencke","http://dbpedia.org/resource/Philosopher","Philosopher",1644
"http://dbpedia.org/resource/Arthur_Storer","http://dbpedia.org/resource/Astronomer","Astronomer",1645
"http://dbpedia.org/resource/Thomas_Pereira","http://dbpedia.org/resource/Mathematician","Mathematician",1645
"http://dbpedia.org/resource/Thomas_Pereira","http://dbpedia.org/resource/Scientist","Scientist",1645
"http://dbpedia.org/resource/Thomas_Pereira","http://dbpedia.org/resource/Jesuit","Jesuit",1645
"http://dbpedia.org/resource/John_Flamsteed","http://dbpedia.org/resource/Astronomy","Astronomy",1646
"http://dbpedia.org/resource/Giovanni_Ceva","http://dbpedia.org/resource/Geometry","Geometry",1647
"http://dbpedia.org/resource/Tommaso_Ceva","http://dbpedia.org/resource/Mathematics","Mathematics",1648
"http://dbpedia.org/resource/Michel_Rolle","http://dbpedia.org/resource/Mathematics","Mathematics",1652
"http://dbpedia.org/resource/Pierre_Varignon","http://dbpedia.org/resource/Mathematics","Mathematics",1654
"http://dbpedia.org/resource/Domenico_Guglielmini","http://dbpedia.org/resource/Mathematics","Mathematics",1655
"http://dbpedia.org/resource/Domenico_Guglielmini","http://dbpedia.org/resource/Physics","Physics",1655
"http://dbpedia.org/resource/Domenico_Guglielmini","http://dbpedia.org/resource/Chemistry","Chemistry",1655
"http://dbpedia.org/resource/Domenico_Guglielmini","http://dbpedia.org/resource/Medicine","Medicine",1655
"http://dbpedia.org/resource/William_Molyneux","http://dbpedia.org/resource/Parliament_of_Ireland","Parliament of Ireland",1656
"http://dbpedia.org/resource/Nicolaas_Hartsoeker","http://dbpedia.org/resource/Biology","Biology",1656
"http://dbpedia.org/resource/Nicolaas_Hartsoeker","http://dbpedia.org/resource/Mathematics","Mathematics",1656
"http://dbpedia.org/resource/Nicolaas_Hartsoeker","http://dbpedia.org/resource/Physics","Physics",1656
"http://dbpedia.org/resource/Sébastien_Truchet","http://dbpedia.org/resource/Mathematics","Mathematics",1657
"http://dbpedia.org/resource/Sébastien_Truchet","http://dbpedia.org/resource/Typography","Typography",1657
"http://dbpedia.org/resource/Sébastien_Truchet","http://dbpedia.org/resource/Graphics","Graphics",1657
"http://dbpedia.org/resource/Sébastien_Truchet","http://dbpedia.org/resource/Hydraulics","Hydraulics",1657
"http://dbpedia.org/resource/Thomas_Fantet_de_Lagny","http://dbpedia.org/resource/Mathematics","Mathematics",1660
"http://dbpedia.org/resource/Guillaume_de_l'Hôpital","http://dbpedia.org/resource/Mathematician","Mathematician",1661
"http://dbpedia.org/resource/John_Craig_(mathematician)","http://dbpedia.org/resource/Mathematician","Mathematician",1663
"http://dbpedia.org/resource/William_Whiston","http://dbpedia.org/resource/Mathematics","Mathematics",1667
"http://dbpedia.org/resource/Abraham_de_Moivre","http://dbpedia.org/resource/Mathematics","Mathematics",1667
"http://dbpedia.org/resource/Johann_Bernoulli","http://dbpedia.org/resource/Mathematics","Mathematics",1667
"http://dbpedia.org/resource/Maria_Margaretha_Kirch","http://dbpedia.org/resource/Mathematics","Mathematics",1670
"http://dbpedia.org/resource/Maria_Margaretha_Kirch","http://dbpedia.org/resource/Astronomy","Astronomy",1670
"http://dbpedia.org/resource/John_Keill","http://dbpedia.org/resource/Astronomer","Astronomer",1671
"http://dbpedia.org/resource/George_Cheyne_(physician)","http://dbpedia.org/resource/Physician","Physician",1672
"http://dbpedia.org/resource/Jacopo_Riccati","http://dbpedia.org/resource/Mathematician","Mathematician",1676
"http://dbpedia.org/resource/Jacques_Cassini","http://dbpedia.org/resource/Astronomy","Astronomy",1677
"http://dbpedia.org/resource/Jean-Jacques_d'Ortous_de_Mairan","http://dbpedia.org/resource/Geophysics","Geophysics",1678
"http://dbpedia.org/resource/Jean-Jacques_d'Ortous_de_Mairan","http://dbpedia.org/resource/Chronobiology","Chronobiology",1678
"http://dbpedia.org/resource/Jean-Jacques_d'Ortous_de_Mairan","http://dbpedia.org/resource/Astronomy","Astronomy",1678
"http://dbpedia.org/resource/Pierre_Remond_de_Montmort","http://dbpedia.org/resource/Mathematics","Mathematics",1678
"http://dbpedia.org/resource/Peder_Horrebow","http://dbpedia.org/resource/Astronomy","Astronomy",1679
"http://dbpedia.org/resource/Johann_Wilhelm_Wagner","http://dbpedia.org/resource/Astronomy","Astronomy",1681
"http://dbpedia.org/resource/Roger_Cotes","http://dbpedia.org/resource/Mathematician","Mathematician",1682
"http://dbpedia.org/resource/Brook_Taylor","http://dbpedia.org/resource/Mathematics","Mathematics",1685
"http://dbpedia.org/resource/Niccolò_Gianpriamo","http://dbpedia.org/resource/Missionary","Missionary",1686
"http://dbpedia.org/resource/Niccolò_Gianpriamo","http://dbpedia.org/resource/Mathematics","Mathematics",1686
"http://dbpedia.org/resource/Niccolò_Gianpriamo","http://dbpedia.org/resource/Astronomy","Astronomy",1686
"http://dbpedia.org/resource/Niccolò_Gianpriamo","http://dbpedia.org/resource/Theology","Theology",1686
"http://dbpedia.org/resource/Sámuel_Mikoviny","http://dbpedia.org/resource/Cartographer","Cartographer",1686
"http://dbpedia.org/resource/Sámuel_Mikoviny","http://dbpedia.org/resource/Engineer","Engineer",1686
"http://dbpedia.org/resource/Sámuel_Mikoviny","http://dbpedia.org/resource/Mathematician","Mathematician",1686
"http://dbpedia.org/resource/Joseph-Nicolas_Delisle","http://dbpedia.org/resource/Mathematics","Mathematics",1688
"http://dbpedia.org/resource/Joseph-Nicolas_Delisle","http://dbpedia.org/resource/Astronomy","Astronomy",1688
"http://dbpedia.org/resource/Emanuel_Swedenborg","http://dbpedia.org/resource/Author","Author",1688
"http://dbpedia.org/resource/Emanuel_Swedenborg","http://dbpedia.org/resource/Anatomy","Anatomy",1688
"http://dbpedia.org/resource/Emanuel_Swedenborg","http://dbpedia.org/resource/Astronomer","Astronomer",1688
"http://dbpedia.org/resource/Emanuel_Swedenborg","http://dbpedia.org/resource/Mining_engineer","Mining engineer",1688
"http://dbpedia.org/resource/Samuel_Molyneux","http://dbpedia.org/resource/Astronomy","Astronomy",1689
"http://dbpedia.org/resource/Christian_Goldbach","http://dbpedia.org/resource/Mathematics","Mathematics",1690
"http://dbpedia.org/resource/Christian_Goldbach","http://dbpedia.org/resource/Law","Law",1690
"http://dbpedia.org/resource/Carlo_Lodoli","http://dbpedia.org/resource/Architect","Architect",1690
"http://dbpedia.org/resource/Carlo_Lodoli","http://dbpedia.org/resource/Architectural_theory","Architectural theory",1690
"http://dbpedia.org/resource/Carlo_Lodoli","http://dbpedia.org/resource/Franciscan_priest","Franciscan priest",1690
"http://dbpedia.org/resource/Carlo_Lodoli","http://dbpedia.org/resource/Mathematician","Mathematician",1690
"http://dbpedia.org/resource/Carlo_Lodoli","http://dbpedia.org/resource/Teacher","Teacher",1690
"http://dbpedia.org/resource/Christian_August_Hausen","http://dbpedia.org/resource/Mathematics","Mathematics",1693
"http://dbpedia.org/resource/Christian_August_Hausen","http://dbpedia.org/resource/Physics","Physics",1693
"http://dbpedia.org/resource/Christfried_Kirch","http://dbpedia.org/resource/Astronomy","Astronomy",1694
"http://dbpedia.org/resource/Balanos_Vasilopoulos","http://dbpedia.org/resource/Mathematician","Mathematician",1694
"http://dbpedia.org/resource/Pierre_Louis_Maupertuis","http://dbpedia.org/resource/Biology","Biology",1698
"http://dbpedia.org/resource/Pierre_Louis_Maupertuis","http://dbpedia.org/resource/Mathematics","Mathematics",1698
"http://dbpedia.org/resource/Pierre_Louis_Maupertuis","http://dbpedia.org/resource/Geography","Geography",1698
"http://dbpedia.org/resource/Pierre_Louis_Maupertuis","http://dbpedia.org/resource/Physics","Physics",1698
"http://dbpedia.org/resource/Pierre_Louis_Maupertuis","http://dbpedia.org/resource/Astronomy","Astronomy",1698
"http://dbpedia.org/resource/Pierre_Louis_Maupertuis","http://dbpedia.org/resource/Metaphysic","Metaphysic",1698
"http://dbpedia.org/resource/Pierre_Louis_Maupertuis","http://dbpedia.org/resource/Moral_philosophy","Moral philosophy",1698
"http://dbpedia.org/resource/Muhammad_Ibn_Muhammad_Al-Fulani_Al-Kishwani","http://dbpedia.org/resource/Mysticism","Mysticism",1699
"http://dbpedia.org/resource/Muhammad_Ibn_Muhammad_Al-Fulani_Al-Kishwani","http://dbpedia.org/resource/Mathematician","Mathematician",1699
"http://dbpedia.org/resource/Muhammad_Ibn_Muhammad_Al-Fulani_Al-Kishwani","http://dbpedia.org/resource/Astronomer","Astronomer",1699
"http://dbpedia.org/resource/Muhammad_Ibn_Muhammad_Al-Fulani_Al-Kishwani","http://dbpedia.org/resource/Astrologer","Astrologer",1699
"http://dbpedia.org/resource/Nathaniel_Bliss","http://dbpedia.org/resource/Mathematics","Mathematics",1700
"http://dbpedia.org/resource/Nathaniel_Bliss","http://dbpedia.org/resource/Astronomy","Astronomy",1700
"http://dbpedia.org/resource/Charles_Haros","http://dbpedia.org/resource/Mathematics","Mathematics",1700
"http://dbpedia.org/resource/Daniel_Bernoulli","http://dbpedia.org/resource/Mathematics","Mathematics",1700
"http://dbpedia.org/resource/Daniel_Bernoulli","http://dbpedia.org/resource/Physics","Physics",1700
"http://dbpedia.org/resource/Daniel_Bernoulli","http://dbpedia.org/resource/Medicine","Medicine",1700
"http://dbpedia.org/resource/Anders_Celsius","http://dbpedia.org/resource/Mathematics","Mathematics",1701
"http://dbpedia.org/resource/Anders_Celsius","http://dbpedia.org/resource/Geology","Geology",1701
"http://dbpedia.org/resource/Anders_Celsius","http://dbpedia.org/resource/Physics","Physics",1701
"http://dbpedia.org/resource/Anders_Celsius","http://dbpedia.org/resource/Astronomy","Astronomy",1701
"http://dbpedia.org/resource/William_Emerson_(mathematician)","http://dbpedia.org/resource/Mathematics","Mathematics",1701
"http://dbpedia.org/resource/Ferdinand_Augustin_Hallerstein","http://dbpedia.org/resource/Demography","Demography",1703
"http://dbpedia.org/resource/Ferdinand_Augustin_Hallerstein","http://dbpedia.org/resource/Mathematics","Mathematics",1703
"http://dbpedia.org/resource/Ferdinand_Augustin_Hallerstein","http://dbpedia.org/resource/Astronomy","Astronomy",1703
"http://dbpedia.org/resource/Pedro_Vicente_Maldonado","http://dbpedia.org/resource/Riobamba","Riobamba",1704
"http://dbpedia.org/resource/Louis_Godin","http://dbpedia.org/resource/Astronomy","Astronomy",1704
"http://dbpedia.org/resource/Gabriel_Cramer","http://dbpedia.org/resource/Mathematics","Mathematics",1704
"http://dbpedia.org/resource/Gabriel_Cramer","http://dbpedia.org/resource/Physics","Physics",1704
"http://dbpedia.org/resource/Émilie_du_Châtelet","http://dbpedia.org/resource/Mathematics","Mathematics",1706
"http://dbpedia.org/resource/Émilie_du_Châtelet","http://dbpedia.org/resource/Physics","Physics",1706
"http://dbpedia.org/resource/Émilie_du_Châtelet","http://dbpedia.org/resource/Natural_philosophy","Natural philosophy",1706
"http://dbpedia.org/resource/Leonhard_Euler","http://dbpedia.org/resource/Mathematics","Mathematics",1707
"http://dbpedia.org/resource/Leonhard_Euler","http://dbpedia.org/resource/Physics","Physics",1707
"http://dbpedia.org/resource/Pietro_De_Martino","http://dbpedia.org/resource/Mathematics","Mathematics",1707
"http://dbpedia.org/resource/Pietro_De_Martino","http://dbpedia.org/resource/Astronomy","Astronomy",1707
"http://dbpedia.org/resource/Vincenzo_Riccati","http://dbpedia.org/resource/Mathematician","Mathematician",1707
"http://dbpedia.org/resource/Vincenzo_Riccati","http://dbpedia.org/resource/Physicist","Physicist",1707
"http://dbpedia.org/resource/Georges-Louis_Leclerc,_Comte_de_Buffon","http://dbpedia.org/resource/Natural_history","Natural history",1707
"http://dbpedia.org/resource/Stephen_Whisson","http://dbpedia.org/resource/Mathematician","Mathematician",1710
"http://dbpedia.org/resource/James_Short_(mathematician)","http://dbpedia.org/resource/Mathematics","Mathematics",1710
"http://dbpedia.org/resource/Roger_Joseph_Boscovich","http://dbpedia.org/resource/Mathematics","Mathematics",1711
"http://dbpedia.org/resource/Roger_Joseph_Boscovich","http://dbpedia.org/resource/Physics","Physics",1711
"http://dbpedia.org/resource/Roger_Joseph_Boscovich","http://dbpedia.org/resource/Astronomy","Astronomy",1711
"http://dbpedia.org/resource/Roger_Joseph_Boscovich","http://dbpedia.org/resource/Natural_philosophy","Natural philosophy",1711
"http://dbpedia.org/resource/Roger_Joseph_Boscovich","http://dbpedia.org/resource/Theology","Theology",1711
"http://dbpedia.org/resource/Johann_Samuel_König","http://dbpedia.org/resource/Mathematics","Mathematics",1712
"http://dbpedia.org/resource/Jean_Godin_des_Odonais","http://dbpedia.org/resource/Cartography","Cartography",1713
"http://dbpedia.org/resource/Alexis_Clairaut","http://dbpedia.org/resource/Mathematics","Mathematics",1713
"http://dbpedia.org/resource/Nicolas-Louis_de_Lacaille","http://dbpedia.org/resource/Astronomy","Astronomy",1713
"http://dbpedia.org/resource/Jean_Godin_des_Odonais","http://dbpedia.org/resource/Naturalist","Naturalist",1713
"http://dbpedia.org/resource/Jorge_Juan_y_Santacilia","http://dbpedia.org/resource/Mathematics","Mathematics",1713
"http://dbpedia.org/resource/Jorge_Juan_y_Santacilia","http://dbpedia.org/resource/Astronomy","Astronomy",1713
"http://dbpedia.org/resource/César-François_Cassini_de_Thury","http://dbpedia.org/resource/Cartography","Cartography",1714
"http://dbpedia.org/resource/César-François_Cassini_de_Thury","http://dbpedia.org/resource/Astronomy","Astronomy",1714
"http://dbpedia.org/resource/Antonio_de_Ulloa","http://dbpedia.org/resource/Metallurgy","Metallurgy",1716
"http://dbpedia.org/resource/Antonio_de_Ulloa","http://dbpedia.org/resource/Astronomy","Astronomy",1716
"http://dbpedia.org/resource/Antonio_de_Ulloa","http://dbpedia.org/resource/Natural_history","Natural history",1716
"http://dbpedia.org/resource/Jean_le_Rond_d'Alembert","http://dbpedia.org/resource/Mathematics","Mathematics",1717
"http://dbpedia.org/resource/Jean_le_Rond_d'Alembert","http://dbpedia.org/resource/Mechanics","Mechanics",1717
"http://dbpedia.org/resource/Jean_le_Rond_d'Alembert","http://dbpedia.org/resource/Physics","Physics",1717
"http://dbpedia.org/resource/Jean_le_Rond_d'Alembert","http://dbpedia.org/resource/Philosophy","Philosophy",1717
"http://dbpedia.org/resource/Jean-Philippe_Loys_de_Cheseaux","http://dbpedia.org/resource/Astronomy","Astronomy",1718
"http://dbpedia.org/resource/Maria_Gaetana_Agnesi","http://dbpedia.org/resource/Mathematics","Mathematics",1718
"http://dbpedia.org/resource/Abraham_Gotthelf_Kästner","http://dbpedia.org/resource/Mathematics","Mathematics",1719
"http://dbpedia.org/resource/Maximilian_Hell","http://dbpedia.org/resource/Astronomy","Astronomy",1720
"http://dbpedia.org/resource/Jean-Baptiste_Chappe_d'Auteroche","http://dbpedia.org/resource/Astronomy","Astronomy",1722
"http://dbpedia.org/resource/Tobias_Mayer","http://dbpedia.org/resource/Astronomy","Astronomy",1723
"http://dbpedia.org/resource/Nicole-Reine_Lepaute","http://dbpedia.org/resource/Mathematics","Mathematics",1723
"http://dbpedia.org/resource/Nicole-Reine_Lepaute","http://dbpedia.org/resource/Astronomy","Astronomy",1723
"http://dbpedia.org/resource/Samuel_Dunn_(mathematician)","http://dbpedia.org/resource/Mathematician","Mathematician",1723
"http://dbpedia.org/resource/John_Michell","http://dbpedia.org/resource/Geology","Geology",1724
"http://dbpedia.org/resource/John_Michell","http://dbpedia.org/resource/Physics","Physics",1724
"http://dbpedia.org/resource/Franz_Aepinus","http://dbpedia.org/resource/Electricity","Electricity",1724
"http://dbpedia.org/resource/Franz_Aepinus","http://dbpedia.org/resource/Astronomy","Astronomy",1724
"http://dbpedia.org/resource/Franz_Aepinus","http://dbpedia.org/resource/Magnetism","Magnetism",1724
"http://dbpedia.org/resource/Edme-Sébastien_Jeaurat","http://dbpedia.org/resource/Astronomy","Astronomy",1725
"http://dbpedia.org/resource/August_Nathanael_Grischow","http://dbpedia.org/resource/Mathematics","Mathematics",1726
"http://dbpedia.org/resource/August_Nathanael_Grischow","http://dbpedia.org/resource/Astronomy","Astronomy",1726
"http://dbpedia.org/resource/Johann_Heinrich_Lambert","http://dbpedia.org/resource/Mathematician","Mathematician",1728
"http://dbpedia.org/resource/Johann_Heinrich_Lambert","http://dbpedia.org/resource/Astronomer","Astronomer",1728
"http://dbpedia.org/resource/Johann_Heinrich_Lambert","http://dbpedia.org/resource/Philosopher","Philosopher",1728
"http://dbpedia.org/resource/Johann_Heinrich_Lambert","http://dbpedia.org/resource/Physicist","Physicist",1728
"http://dbpedia.org/resource/Paolo_Frisi","http://dbpedia.org/resource/Astronomy","Astronomy",1728
"http://dbpedia.org/resource/Johann_Daniel_Titius","http://dbpedia.org/resource/Biology","Biology",1729
"http://dbpedia.org/resource/Johann_Daniel_Titius","http://dbpedia.org/resource/Physics","Physics",1729
"http://dbpedia.org/resource/Johann_Daniel_Titius","http://dbpedia.org/resource/Astronomy","Astronomy",1729
"http://dbpedia.org/resource/Nehemiah_Strong","http://dbpedia.org/resource/Meteorologist","Meteorologist",1729
"http://dbpedia.org/resource/Nehemiah_Strong","http://dbpedia.org/resource/Astronomer","Astronomer",1729
"http://dbpedia.org/resource/Charles_Messier","http://dbpedia.org/resource/Astronomy","Astronomy",1730
"http://dbpedia.org/resource/Étienne_Bézout","http://dbpedia.org/resource/Mathematics","Mathematics",1730
"http://dbpedia.org/resource/Charles_Bossut","http://dbpedia.org/resource/Mathematics","Mathematics",1730
"http://dbpedia.org/resource/Benjamin_Banneker","http://dbpedia.org/resource/Farmer","Farmer",1731
"http://dbpedia.org/resource/Benjamin_Banneker","http://dbpedia.org/resource/Surveying","Surveying",1731
"http://dbpedia.org/resource/Francis_Wollaston_(astronomer)","http://dbpedia.org/resource/Astronomy","Astronomy",1731
"http://dbpedia.org/resource/Thomas_Postlethwaite","http://dbpedia.org/resource/Mathematician","Mathematician",1731
"http://dbpedia.org/resource/Kosmas_Balanos","http://dbpedia.org/resource/Mathematician","Mathematician",1731
"http://dbpedia.org/resource/David_Rittenhouse","http://dbpedia.org/resource/Astronomer","Astronomer",1732
"http://dbpedia.org/resource/Jérôme_Lalande","http://dbpedia.org/resource/Astronomy","Astronomy",1732
"http://dbpedia.org/resource/Nevil_Maskelyne","http://dbpedia.org/resource/Astronomy","Astronomy",1732
"http://dbpedia.org/resource/José_Celestino_Mutis","http://dbpedia.org/resource/Botanist","Botanist",1732
"http://dbpedia.org/resource/José_Celestino_Mutis","http://dbpedia.org/resource/Mathematician","Mathematician",1732
"http://dbpedia.org/resource/José_Celestino_Mutis","http://dbpedia.org/resource/Priest","Priest",1732
"http://dbpedia.org/resource/José_Celestino_Mutis","http://dbpedia.org/resource/Artist","Artist",1732
"http://dbpedia.org/resource/Ajima_Naonobu","http://dbpedia.org/resource/Mathematician","Mathematician",1732
"http://dbpedia.org/resource/Wenceslaus_Johann_Gustav_Karsten","http://dbpedia.org/resource/Mathematics","Mathematics",1732
"http://dbpedia.org/resource/Jeremiah_Dixon","http://dbpedia.org/resource/Astronomy","Astronomy",1733
"http://dbpedia.org/resource/Jeremiah_Dixon","http://dbpedia.org/resource/Surveying","Surveying",1733
"http://dbpedia.org/resource/Carsten_Niebuhr","http://dbpedia.org/resource/Cartographer","Cartographer",1733
"http://dbpedia.org/resource/Carsten_Niebuhr","http://dbpedia.org/resource/Mathematician","Mathematician",1733
"http://dbpedia.org/resource/Carsten_Niebuhr","http://dbpedia.org/resource/Explorer","Explorer",1733
"http://dbpedia.org/resource/Jean-Charles_de_Borda","http://dbpedia.org/resource/Mathematics","Mathematics",1733
"http://dbpedia.org/resource/Simone_Stratigo","http://dbpedia.org/resource/Nautical_science","Nautical science",1733
"http://dbpedia.org/resource/Simone_Stratigo","http://dbpedia.org/resource/Mathematics","Mathematics",1733
"http://dbpedia.org/resource/John_Dawson_(surgeon)","http://dbpedia.org/resource/Mathematician","Mathematician",1734
"http://dbpedia.org/resource/John_Dawson_(surgeon)","http://dbpedia.org/resource/Physician","Physician",1734
"http://dbpedia.org/resource/Hans_Momsen","http://dbpedia.org/resource/Cadastre","Cadastre",1735
"http://dbpedia.org/resource/Hans_Momsen","http://dbpedia.org/resource/Astronomer","Astronomer",1735
"http://dbpedia.org/resource/Antonio_Maria_Lorgna","http://dbpedia.org/resource/Mathematics","Mathematics",1735
"http://dbpedia.org/resource/Antonio_Maria_Lorgna","http://dbpedia.org/resource/Engineering","Engineering",1735
"http://dbpedia.org/resource/Gregorio_Fontana","http://dbpedia.org/resource/Geometry","Geometry",1735
"http://dbpedia.org/resource/Jesse_Ramsden","http://dbpedia.org/resource/Astronomy","Astronomy",1735
"http://dbpedia.org/resource/Jesse_Ramsden","http://dbpedia.org/resource/Optics","Optics",1735
"http://dbpedia.org/resource/Joseph-Louis_Lagrange","http://dbpedia.org/resource/Mathematics","Mathematics",1736
"http://dbpedia.org/resource/Joseph-Louis_Lagrange","http://dbpedia.org/resource/Mechanics","Mechanics",1736
"http://dbpedia.org/resource/Joseph-Louis_Lagrange","http://dbpedia.org/resource/Astronomy","Astronomy",1736
"http://dbpedia.org/resource/John_Arnold_(watchmaker)","http://dbpedia.org/resource/Watchmaker","Watchmaker",1736
"http://dbpedia.org/resource/Nicolas_Vilant","http://dbpedia.org/resource/Mathematics","Mathematics",1737
"http://dbpedia.org/resource/Charles_Hutton","http://dbpedia.org/resource/Mathematics","Mathematics",1737
"http://dbpedia.org/resource/William_Herschel","http://dbpedia.org/resource/Music","Music",1738
"http://dbpedia.org/resource/William_Herschel","http://dbpedia.org/resource/Astronomy","Astronomy",1738
"http://dbpedia.org/resource/Israel_Lyons","http://dbpedia.org/resource/Botanist","Botanist",1739
"http://dbpedia.org/resource/Israel_Lyons","http://dbpedia.org/resource/Mathematician","Mathematician",1739
"http://dbpedia.org/resource/Jacques-André_Mallet","http://dbpedia.org/resource/Mathematics","Mathematics",1740
"http://dbpedia.org/resource/Anders_Johan_Lexell","http://dbpedia.org/resource/Mathematician","Mathematician",1740
"http://dbpedia.org/resource/Anders_Johan_Lexell","http://dbpedia.org/resource/Astronomer","Astronomer",1740
"http://dbpedia.org/resource/Jacques-André_Mallet","http://dbpedia.org/resource/Astronomy","Astronomy",1740
"http://dbpedia.org/resource/Anders_Johan_Lexell","http://dbpedia.org/resource/Physicist","Physicist",1740
"http://dbpedia.org/resource/Robert_Hamilton_(economist)","http://dbpedia.org/resource/Political_economy","Political economy",1743
"http://dbpedia.org/resource/Pierre_Méchain","http://dbpedia.org/resource/Astronomy","Astronomy",1744
"http://dbpedia.org/resource/Caspar_Wessel","http://dbpedia.org/resource/Mathematics","Mathematics",1745
"http://dbpedia.org/resource/Giuseppe_Piazzi","http://dbpedia.org/resource/Astronomy","Astronomy",1746
"http://dbpedia.org/resource/William_Trail","http://dbpedia.org/resource/Mathematics","Mathematics",1746
"http://dbpedia.org/resource/Jacques_Charles","http://dbpedia.org/resource/Hot_air_ballooning","Hot air ballooning",1746
"http://dbpedia.org/resource/Jacques_Charles","http://dbpedia.org/resource/Mathematics","Mathematics",1746
"http://dbpedia.org/resource/Jacques_Charles","http://dbpedia.org/resource/Physics","Physics",1746
"http://dbpedia.org/resource/John_Cranke","http://dbpedia.org/resource/Mathematician","Mathematician",1746
"http://dbpedia.org/resource/Johann_Elert_Bode","http://dbpedia.org/resource/Astronomy","Astronomy",1747
"http://dbpedia.org/resource/Pietro_Cossali","http://dbpedia.org/resource/History_of_mathematics","History of mathematics",1748
"http://dbpedia.org/resource/Pietro_Cossali","http://dbpedia.org/resource/Astronomy","Astronomy",1748
"http://dbpedia.org/resource/Charles_de_Tinseau_d'Amondans","http://dbpedia.org/resource/Mathematics","Mathematics",1748
"http://dbpedia.org/resource/Charles_de_Tinseau_d'Amondans","http://dbpedia.org/resource/Politics","Politics",1748
"http://dbpedia.org/resource/Pierre-Simon_Laplace","http://dbpedia.org/resource/Mathematics","Mathematics",1749
"http://dbpedia.org/resource/Pierre-Simon_Laplace","http://dbpedia.org/resource/Astronomy","Astronomy",1749
"http://dbpedia.org/resource/Jean_Baptiste_Joseph_Delambre","http://dbpedia.org/resource/Astronomy","Astronomy",1749
"http://dbpedia.org/resource/Caroline_Herschel","http://dbpedia.org/resource/Astronomy","Astronomy",1750
"http://dbpedia.org/resource/Gilbert_Romme","http://dbpedia.org/resource/Politician","Politician",1750
"http://dbpedia.org/resource/Gilbert_Romme","http://dbpedia.org/resource/Mathematician","Mathematician",1750
"http://dbpedia.org/resource/Isaac_Milner","http://dbpedia.org/resource/Chemist","Chemist",1750
"http://dbpedia.org/resource/Barnaba_Oriani","http://dbpedia.org/resource/Astronomy","Astronomy",1752
"http://dbpedia.org/resource/Edward_Pigott","http://dbpedia.org/resource/Astronomy","Astronomy",1753
"http://dbpedia.org/resource/Nicola_Fergola","http://dbpedia.org/resource/Mathematics","Mathematics",1753
"http://dbpedia.org/resource/Franz_Xaver_von_Zach","http://dbpedia.org/resource/Astronomy","Astronomy",1754
"http://dbpedia.org/resource/Gaspard_de_Prony","http://dbpedia.org/resource/Mathematics","Mathematics",1755
"http://dbpedia.org/resource/Gaspard_de_Prony","http://dbpedia.org/resource/Hydraulics","Hydraulics",1755
"http://dbpedia.org/resource/Nicolas_Fuss","http://dbpedia.org/resource/Mathematics","Mathematics",1755
"http://dbpedia.org/resource/Marc-Antoine_Parseval","http://dbpedia.org/resource/Mathematics","Mathematics",1755
"http://dbpedia.org/resource/Ernst_Chladni","http://dbpedia.org/resource/Physics","Physics",1756
"http://dbpedia.org/resource/John_West_(mathematician)","http://dbpedia.org/resource/Mathematics","Mathematics",1756
"http://dbpedia.org/resource/Thomas_Jones_(mathematician)","http://dbpedia.org/resource/Mathematician","Mathematician",1756
"http://dbpedia.org/resource/Heinrich_Wilhelm_Matthias_Olbers","http://dbpedia.org/resource/Astronomy","Astronomy",1758
"http://dbpedia.org/resource/Heinrich_Wilhelm_Matthias_Olbers","http://dbpedia.org/resource/Medicine","Medicine",1758
"http://dbpedia.org/resource/Louis_François_Antoine_Arbogast","http://dbpedia.org/resource/Mathematical_analysis","Mathematical analysis",1759
"http://dbpedia.org/resource/Pietro_Paoli","http://dbpedia.org/resource/Mathematics","Mathematics",1759
"http://dbpedia.org/resource/Shizuki_Tadao","http://dbpedia.org/resource/Astronomer","Astronomer",1760
"http://dbpedia.org/resource/Shizuki_Tadao","http://dbpedia.org/resource/Translation","Translation",1760
"http://dbpedia.org/resource/Auguste-Savinien_Leblond","http://dbpedia.org/resource/Mathematics","Mathematics",1760
"http://dbpedia.org/resource/Jean-Louis_Pons","http://dbpedia.org/resource/Astronomy","Astronomy",1761
"http://dbpedia.org/resource/Josef_de_Mendoza_y_Ríos","http://dbpedia.org/resource/Navigation","Navigation",1761
"http://dbpedia.org/resource/Blasius_Merrem","http://dbpedia.org/resource/Zoologist","Zoologist",1761
"http://dbpedia.org/resource/Blasius_Merrem","http://dbpedia.org/resource/Natural_history","Natural history",1761
"http://dbpedia.org/resource/José_Joaquín_de_Ferrer","http://dbpedia.org/resource/Cartography","Cartography",1763
"http://dbpedia.org/resource/José_Joaquín_de_Ferrer","http://dbpedia.org/resource/Navigation","Navigation",1763
"http://dbpedia.org/resource/José_Joaquín_de_Ferrer","http://dbpedia.org/resource/Mathematics","Mathematics",1763
"http://dbpedia.org/resource/José_Joaquín_de_Ferrer","http://dbpedia.org/resource/Astronomy","Astronomy",1763
"http://dbpedia.org/resource/John_Goodricke","http://dbpedia.org/resource/Astronomy","Astronomy",1764
"http://dbpedia.org/resource/Luca_de_Samuele_Cagnazzi","http://dbpedia.org/resource/Archdeacon","Archdeacon",1764
"http://dbpedia.org/resource/Luca_de_Samuele_Cagnazzi","http://dbpedia.org/resource/Professor","Professor",1764
"http://dbpedia.org/resource/Luca_de_Samuele_Cagnazzi","http://dbpedia.org/resource/Deputy_(legislator)","Deputy (legislator)",1764
"http://dbpedia.org/resource/Thomas_Norris_(1765–1852)","http://dbpedia.org/resource/Private_collection","Private collection",1765
"http://dbpedia.org/resource/Thomas_Norris_(1765–1852)","http://dbpedia.org/resource/Astronomer","Astronomer",1765
"http://dbpedia.org/resource/Paolo_Ruffini","http://dbpedia.org/resource/Mathematics","Mathematics",1765
"http://dbpedia.org/resource/James_Ivory_(mathematician)","http://dbpedia.org/resource/Mathematics","Mathematics",1765
"http://dbpedia.org/resource/Sylvestre_François_Lacroix","http://dbpedia.org/resource/Mathematics","Mathematics",1765
"http://dbpedia.org/resource/James_Ivory_(mathematician)","http://dbpedia.org/resource/Theology","Theology",1765
"http://dbpedia.org/resource/Pierre-Simon_Girard","http://dbpedia.org/resource/Mathematics","Mathematics",1765
"http://dbpedia.org/resource/Pierre-Simon_Girard","http://dbpedia.org/resource/Engineering","Engineering",1765
"http://dbpedia.org/resource/Johann_Friedrich_Pfaff","http://dbpedia.org/resource/Mathematics","Mathematics",1765
"http://dbpedia.org/resource/John_Leslie_(physicist)","http://dbpedia.org/resource/Physics","Physics",1766
"http://dbpedia.org/resource/Alexis_Bouvard","http://dbpedia.org/resource/Astronomy","Astronomy",1767
"http://dbpedia.org/resource/John_Pond","http://dbpedia.org/resource/Astronomy","Astronomy",1767
"http://dbpedia.org/resource/Francisco_José_de_Caldas","http://dbpedia.org/resource/Botanist","Botanist",1768
"http://dbpedia.org/resource/Francisco_José_de_Caldas","http://dbpedia.org/resource/Geographer","Geographer",1768
"http://dbpedia.org/resource/Francisco_José_de_Caldas","http://dbpedia.org/resource/Astronomer","Astronomer",1768
"http://dbpedia.org/resource/Francisco_José_de_Caldas","http://dbpedia.org/resource/Writer","Writer",1768
"http://dbpedia.org/resource/Francisco_José_de_Caldas","http://dbpedia.org/resource/Military_Engineering","Military Engineering",1768
"http://dbpedia.org/resource/Vincenzo_Brunacci","http://dbpedia.org/resource/Mathematics","Mathematics",1768
"http://dbpedia.org/resource/Joseph_Fourier","http://dbpedia.org/resource/Mathematician","Mathematician",1768
"http://dbpedia.org/resource/Joseph_Fourier","http://dbpedia.org/resource/Historian","Historian",1768
"http://dbpedia.org/resource/Joseph_Fourier","http://dbpedia.org/resource/Physicist","Physicist",1768
"http://dbpedia.org/resource/François_Français","http://dbpedia.org/resource/Mathematician","Mathematician",1768
"http://dbpedia.org/resource/Li_Rui_(mathematician)","http://dbpedia.org/resource/Mathematics","Mathematics",1768
"http://dbpedia.org/resource/Jean-Robert_Argand","http://dbpedia.org/resource/Mathematics","Mathematics",1768
"http://dbpedia.org/resource/Jean_Nicolas_Pierre_Hachette","http://dbpedia.org/resource/Mathematics","Mathematics",1769
"http://dbpedia.org/resource/Johann_Christian_Martin_Bartels","http://dbpedia.org/resource/Geometry","Geometry",1769
"http://dbpedia.org/resource/William_Gooch_(astronomer)","http://dbpedia.org/resource/Astronomer","Astronomer",1770
